Model,DAIC,wgt,npar,neg2ll,warn.conv,warn.VC
p(SURVEY P observer1 P start P cloudCover)psi(disturb500 P forest500 P ndvi500 P distRoad),0,0.0459,14,336.18,0,0
p(SURVEY P observer1 P start P cloudCover)psi(forest500 P ndvi500 P distRoad),0.55,0.0349,13,338.99,0,0
p(SURVEY P observer1 P start P cloudCover)psi(forest500 P ndvi500 P height100 P distRoad),0.9,0.0292,14,337.08,0,0
p(SURVEY P observer1 P start P cloudCover)psi(disturb500 P forest500 P ndvi500 P water P distRoad),1.39,0.0229,15,335.29,0,0
p(SURVEY P observer1 P start P cloudCover)psi(disturb500 P forest500 P ndvi500),1.72,0.0194,13,340.16,0,0
p(SURVEY P start P cloudCover)psi(disturb500 P forest500 P ndvi500 P distRoad),1.78,0.0188,12,342.47,0,0
p(SURVEY P observer1 P start P cloudCover)psi(forest500 P height100 P distRoad),1.89,0.0178,13,340.34,0,0
p(SURVEY P start P cloudCover)psi(forest500 P ndvi500 P distRoad),2.1,0.016,11,345.01,0,0
p(SURVEY P observer1 P start P cloudCover)psi(disturb500 P forest500 P ndvi500 P ele P distRoad),2.27,0.0147,15,336.18,0,0
p(SURVEY P observer1 P start P cloudCover)psi(disturb500 P forest500 P ndvi500 P height100 P distRoad),2.29,0.0146,15,336.19,0,0
p(SURVEY P observer1 P start P cloudCover)psi(forest500 P ndvi500 P water P distRoad),2.36,0.0141,14,338.54,0,0
p(SURVEY P observer1 P start P cloudCover)psi(forest500 P ndvi500 P ele P distRoad),2.6,0.0125,14,338.79,0,0
p(SURVEY P observer1 P start P cloudCover)psi(forest500 P ndvi500 P water P height100 P distRoad),2.62,0.0124,15,336.52,0,0
p(SURVEY P observer1 P start P cloudCover)psi(forest500 P ndvi500 P und P distRoad),2.68,0.012,14,338.86,0,0
p(SURVEY P start P cloudCover)psi(disturb500 P forest500 P ndvi500),2.68,0.012,11,345.58,0,0
p(SURVEY P start P cloudCover)psi(forest500 P ndvi500 P height100 P distRoad),2.68,0.012,12,343.37,0,0
p(SURVEY P observer1 P start P cloudCover)psi(forest500 P ndvi500 P und P height100 P distRoad),3.01,0.0102,15,336.91,0,0
p(SURVEY P observer1 P start P cloudCover)psi(forest500 P ndvi500 P ele P height100 P distRoad),3.04,0.01,15,336.94,0,0
p(SURVEY P start P cloudCover)psi(disturb500 P forest500 P ndvi500 P water P distRoad),3.35,0.0086,13,341.79,0,0
p(SURVEY P observer1 P start P cloudCover)psi(disturb500 P forest500 P ndvi500 P ele),3.37,0.0085,14,339.55,0,0
p(SURVEY P observer1 P start P cloudCover)psi(forest500 P water P height100 P distRoad),3.45,0.0082,14,339.63,0,0
p(SURVEY P observer1 P start P cloudCover)psi(forest500 P height100),3.48,0.008,12,344.17,0,0
p(SURVEY P observer1 P start P cloudCover)psi(disturb500 P forest500 P ndvi500 P und P water P distRoad),3.53,0.0079,16,335.12,0,0
p(SURVEY P observer1 P start P cloudCover)psi(forest500 P ndvi500),3.65,0.0074,12,344.33,0,0
p(SURVEY P observer1 P start P cloudCover)psi(disturb500 P forest500 P ndvi500 P water),3.66,0.0073,14,339.85,0,0
p(SURVEY P observer1 P start P cloudCover)psi(disturb500 P forest500 P ndvi500 P water P ele P distRoad),3.69,0.0073,16,335.28,0,0
p(SURVEY P observer1 P start P cloudCover)psi(forest500 P distRoad),3.7,0.0072,12,344.39,0,0
p(SURVEY P observer1 P start P cloudCover)psi(forest500 P ndvi500 P height100),3.74,0.0071,13,342.18,0,0
p(SURVEY P observer1 P start P cloudCover)psi(disturb500 P forest500 P ndvi500 P height100),3.75,0.007,14,339.94,0,0
p(SURVEY P observer1 P start P cloudCover)psi(forest500 P und P height100 P distRoad),3.83,0.0068,14,340.01,5.37,0
p(SURVEY P start P cloudCover)psi(forest500 P height100 P distRoad),3.85,0.0067,11,346.76,0,0
p(SURVEY P observer1 P start P cloudCover)psi(disturb500 P forest500 P ndvi500 P und),3.89,0.0066,14,340.07,0,0
p(SURVEY P start P cloudCover)psi(disturb500 P forest500 P ndvi500 P und P distRoad),3.92,0.0065,13,342.36,0,0
p(SURVEY P observer1 P start P cloudCover)psi(forest500 P ele P height100 P distRoad),3.92,0.0065,14,340.1,0,0
p(SURVEY P start P cloudCover)psi(forest500 P ndvi500 P water P distRoad),4,0.0062,12,344.69,0,0
p(SURVEY P start P cloudCover)psi(disturb500 P forest500 P ndvi500 P ele P distRoad),4.02,0.0061,13,342.47,5.89,0
p(SURVEY P observer1 P start P cloudCover)psi(forest500 P ndvi500 P ele),4.11,0.0059,13,342.56,0,0
p(SURVEY P observer1 P start P cloudCover)psi(disturb500 P forest500 P ndvi500 P und P height100 P distRoad),4.12,0.0058,16,335.72,0,0
p(SURVEY P observer1 P start P cloudCover)psi(disturb500 P forest500 P ndvi500 P water P height100 P distRoad),4.13,0.0058,16,335.72,0,0
p(SURVEY P start P cloudCover)psi(forest500 P ndvi500 P und P distRoad),4.16,0.0057,12,344.84,0,0
p(SURVEY P observer1 P start P cloudCover)psi(ndvi500 P ele),4.17,0.0057,12,344.85,0,0
p(SURVEY P start P cloudCover)psi(forest500 P ndvi500 P ele P distRoad),4.18,0.0057,12,344.87,0,0
p(SURVEY P observer1 P start P cloudCover)psi(disturb500 P forest500 P height100 P distRoad),4.22,0.0056,14,340.41,0,0
p(SURVEY P observer1 P start P cloudCover)psi(forest500 P ele P height100),4.25,0.0055,13,342.7,0,0
p(SURVEY P observer1 P start P cloudCover)psi(disturb500 P forest500 P ndvi500 P ele P height100 P distRoad),4.26,0.0055,16,335.86,0,0
p(SURVEY P observer1 P start P cloudCover)psi(disturb500 P forest500 P distRoad),4.29,0.0054,13,342.73,0,0
p(SURVEY P start P cloudCover)psi(forest500 P ndvi500),4.31,0.0053,10,349.43,0,0
p(SURVEY P start P cloudCover)psi(disturb500 P forest500 P ndvi500 P height100 P distRoad),4.33,0.0053,13,342.77,0,0
p(SURVEY P observer1 P start P cloudCover)psi(disturb500 P ndvi500 P ele),4.41,0.0051,13,342.85,0,0
p(SURVEY P observer1 P start P cloudCover)psi(ndvi500 P ele P distRoad),4.42,0.005,13,342.87,0,0
p(SURVEY P observer1 P start P cloudCover)psi(forest500 P ndvi500 P und P water P distRoad),4.43,0.005,15,338.33,0,0
p(SURVEY P observer1 P start P cloudCover)psi(forest500 P ndvi500 P water P ele P distRoad),4.45,0.005,15,338.35,0,0
p(SURVEY P start P cloudCover)psi(disturb500 P forest500 P ndvi500 P ele),4.45,0.005,12,345.14,0,0
p(SURVEY P start P cloudCover)psi(forest500 P ndvi500 P water P height100 P distRoad),4.51,0.0048,13,342.95,0,0
p(SURVEY P start P cloudCover)psi(forest500 P height100),4.59,0.0046,10,349.7,0,0
p(SURVEY P observer1 P start P cloudCover)psi(forest500 P ndvi500 P ele P height100),4.6,0.0046,14,340.78,0,0
p(SURVEY P start P cloudCover)psi(forest500 P ndvi500 P height100),4.61,0.0046,11,347.52,0,0
p(SURVEY P observer1 P start P cloudCover)psi(forest500 P ndvi500 P und P water P height100 P distRoad),4.66,0.0045,16,336.26,0,0
p(SURVEY P start P cloudCover)psi(disturb500 P forest500 P ndvi500 P water),4.67,0.0044,12,345.36,0,0
p(SURVEY P start P cloudCover)psi(forest500 P ndvi500 P und P height100 P distRoad),4.71,0.0044,13,343.16,0,0
p(SURVEY P observer1 P start P cloudCover)psi(forest500 P ndvi500 P und P ele P distRoad),4.71,0.0043,15,338.62,0,0
p(SURVEY P start P cloudCover)psi(disturb500 P forest500 P ndvi500 P height100),4.74,0.0043,12,345.43,0,0
p(SURVEY P start P cloudCover)psi(disturb500 P forest500 P ndvi500 P und),4.76,0.0042,12,345.45,5.72,0
p(SURVEY P observer1 P start P cloudCover)psi(forest500 P ndvi500 P water P ele P height100 P distRoad),4.78,0.0042,16,336.38,0,0
p(SURVEY P start P cloudCover)psi(forest500 P ndvi500 P ele P height100 P distRoad),4.82,0.0041,13,343.26,0,0
p(SURVEY P observer1 P start P cloudCover)psi(disturb500 P forest500),4.94,0.0039,12,345.62,0,0
p(SURVEY P observer1 P start P cloudCover)psi(disturb500 P forest500 P ndvi500 P water P height100),5.02,0.0037,15,338.92,0,0
p(SURVEY P start P cloudCover)psi(forest500 P ndvi500 P ele),5.04,0.0037,11,347.95,0,0
p(SURVEY P observer1 P start P cloudCover)psi(forest500 P ndvi500 P und P ele P height100 P distRoad),5.13,0.0035,16,336.73,0,0
p(SURVEY P observer1 P start P cloudCover)psi(forest500 P water P height100),5.23,0.0034,13,343.67,0,0
p(SURVEY P observer1 P start P cloudCover)psi(ele),5.25,0.0033,11,348.16,0,0
p(SURVEY P observer1 P start P cloudCover)psi(disturb500 P forest500 P water P height100 P distRoad),5.27,0.0033,15,339.17,0,0
p(SURVEY P observer1 P start P cloudCover)psi(disturb500 P forest500 P ndvi500 P water P ele),5.32,0.0032,15,339.22,0,0
p(SURVEY P observer1 P start P cloudCover)psi(forest500 P ele),5.33,0.0032,12,346.02,0,0
p(SURVEY P observer1 P start P cloudCover)psi(forest500 P und P water P height100 P distRoad),5.35,0.0032,15,339.25,0,0
p(SURVEY P observer1 P start P cloudCover)psi(disturb500 P forest500 P ndvi500 P und P height100),5.37,0.0031,15,339.27,0,0
p(SURVEY P start P cloudCover)psi(ndvi500 P ele),5.37,0.0031,10,350.48,0,0
p(SURVEY P observer1 P start P cloudCover)psi(disturb500 P forest500 P water P height100),5.38,0.0031,14,341.56,0,0
p(SURVEY P observer1 P start P cloudCover)psi(forest500 P ele P distRoad),5.38,0.0031,13,343.82,0,0
p(SURVEY P start P cloudCover)psi(forest500 P distRoad),5.38,0.0031,10,350.49,0,0
p(SURVEY P observer1 P start P cloudCover)psi(forest500),5.39,0.0031,11,348.3,0,0
p(SURVEY P observer1 P start P cloudCover)psi(forest500 P water P ele P height100 P distRoad),5.4,0.0031,15,339.3,0,0
p(SURVEY P observer1 P start P cloudCover)psi(forest500 P und P height100),5.4,0.0031,13,343.85,0,0
p(SURVEY P start P cloudCover)psi(disturb500 P forest500 P ndvi500 P und P water P distRoad),5.42,0.0031,14,341.6,0,0
p(SURVEY P observer1 P start P cloudCover)psi(disturb500 P forest500 P ndvi500 P und P ele),5.5,0.0029,15,339.4,0,0
p(SURVEY P start P cloudCover)psi(forest500 P water P height100 P distRoad),5.54,0.0029,12,346.22,0,0
p(SURVEY P start P cloudCover)psi(forest500 P ele P height100),5.57,0.0028,11,348.48,0,0
p(SURVEY P observer1 P start P cloudCover)psi(forest500 P water P distRoad),5.58,0.0028,13,344.03,0,0
p(SURVEY P start P cloudCover)psi(disturb500 P forest500 P ndvi500 P water P ele P distRoad),5.61,0.0028,14,341.79,5.72,0
p(SURVEY P observer1 P start P cloudCover)psi(disturb500 P ndvi500 P ele P distRoad),5.61,0.0028,14,341.79,0,0
p(SURVEY P observer1 P start P cloudCover)psi(disturb500 P forest500 P height100),5.66,0.0027,13,344.11,0,0
p(SURVEY P start P cloudCover)psi(forest500 P ndvi500 P ele P height100),5.67,0.0027,12,346.36,0,0
p(SURVEY P observer1 P start P cloudCover)psi(forest500 P ndvi500 P und),5.67,0.0027,13,344.12,0,0
p(SURVEY P observer1 P start P cloudCover)psi(forest500 P und P distRoad),5.69,0.0027,13,344.13,0,0
p(SURVEY P start P cloudCover)psi(forest500 P und P height100 P distRoad),5.7,0.0027,12,346.39,0,0
p(SURVEY P observer1 P start P cloudCover)psi(forest500 P ndvi500 P water P height100),5.7,0.0026,14,341.89,0,0
p(SURVEY P observer1 P start P cloudCover)psi(forest500 P ndvi500 P und P height100),5.72,0.0026,14,341.91,0,0
p(SURVEY P start P cloudCover)psi(disturb500 P forest500 P ndvi500 P ele P height100 P distRoad),5.73,0.0026,14,341.91,0,0
p(SURVEY P observer1 P start P cloudCover)psi(forest500 P ndvi500 P water),5.74,0.0026,13,344.18,0,0
p(SURVEY P start P cloudCover)psi(disturb500 P forest500 P ndvi500 P und P height100 P distRoad),5.79,0.0025,14,341.97,0,0
p(SURVEY P observer1 P start P cloudCover)psi(disturb500 P forest500 P ndvi500 P und P water),5.8,0.0025,15,339.7,0,0
p(SURVEY P observer1 P start P cloudCover)psi(ndvi500 P ele P height100),5.81,0.0025,13,344.26,0,0
p(SURVEY P observer1 P start P cloudCover)psi(forest500 P und P ele P height100 P distRoad),5.82,0.0025,15,339.72,0,0
p(SURVEY P observer1 P start P cloudCover)psi(disturb500 P forest500 P ndvi500 P und P distRoad),5.83,0.0025,15,339.73,0,0
p(SURVEY P observer1 P start P cloudCover)psi(disturb500 P forest500 P ndvi500 P ele P height100),5.85,0.0025,15,339.75,0,0
p(SURVEY P start P cloudCover)psi(disturb500 P ndvi500 P ele),5.86,0.0025,11,348.77,0,0
p(SURVEY P start P cloudCover)psi(forest500 P ele P height100 P distRoad),5.88,0.0024,12,346.56,0,0
p(SURVEY P observer1 P start P cloudCover)psi(forest500 P water P ele P height100),5.9,0.0024,14,342.08,0,0
p(SURVEY P observer1 P start P cloudCover)psi(ele P height100),5.91,0.0024,12,346.6,0,0
p(SURVEY P observer1 P start P cloudCover)psi(disturb500 P forest500 P ndvi500 P und P water P height100 P distRoad),5.92,0.0024,17,335.19,0,0
p(SURVEY P observer1 P start P cloudCover)psi(disturb500 P forest500 P ndvi500 P und P ele P height100 P distRoad),5.98,0.0023,17,335.26,0,0
p(SURVEY P observer1 P start P cloudCover)psi(disturb500 P forest500 P ele),5.99,0.0023,13,344.43,0,0
p(SURVEY P start P cloudCover)psi(forest500 P ndvi500 P und P water P distRoad),6,0.0023,13,344.45,0,0
p(SURVEY P observer1 P start P cloudCover)psi(ndvi500 P und P ele),6.01,0.0023,13,344.46,4.97,0
p(SURVEY P observer1 P start P cloudCover)psi(forest500 P ndvi500 P und P ele),6.07,0.0022,14,342.25,5.96,0
p(SURVEY P observer1 P start P cloudCover)psi(disturb500 P forest500 P und P height100 P distRoad),6.07,0.0022,15,339.97,0,0
p(SURVEY P start P cloudCover)psi(disturb500 P forest500),6.08,0.0022,10,351.19,0,0
p(SURVEY P start P cloudCover)psi(disturb500 P forest500 P ndvi500 P water P height100),6.09,0.0022,13,344.54,0,0
p(SURVEY P observer1 P start P cloudCover)psi(disturb500 P forest500 P water P distRoad),6.09,0.0022,14,342.28,0,0
p(SURVEY P start P cloudCover)psi(forest500 P ndvi500 P water P ele P distRoad),6.11,0.0022,13,344.55,0,0
p(SURVEY P start P cloudCover)psi(disturb500 P forest500 P distRoad),6.11,0.0022,11,349.02,0,0
p(SURVEY P observer1 P start P cloudCover)psi(forest500 P und P ele P height100),6.12,0.0021,14,342.31,0,0
p(SURVEY P start P cloudCover)psi(ndvi500 P ele P distRoad),6.16,0.0021,11,349.07,0,0
p(SURVEY P observer1 P start P cloudCover)psi(disturb500 P ndvi500 P ele P height100),6.17,0.0021,14,342.35,5.82,0
p(SURVEY P start P cloudCover)psi(disturb500 P forest500 P ndvi500 P und P ele P distRoad),6.18,0.0021,14,342.36,5.8,0
p(SURVEY P observer1 P start P cloudCover)psi(ndvi500 P water P ele P distRoad),6.19,0.0021,14,342.38,0,0
p(SURVEY P start P cloudCover)psi(forest500 P ndvi500 P und P ele P distRoad),6.21,0.0021,13,344.66,0,0
p(SURVEY P observer1 P start P cloudCover)psi(disturb500 P forest500 P ndvi500 P water P ele P height100 P distRoad),6.23,0.002,17,335.5,0,0
p(SURVEY P observer1 P start P cloudCover)psi(forest500 P ndvi500 P water P ele),6.23,0.002,14,342.41,0,0
p(SURVEY P start P cloudCover)psi(forest500 P ndvi500 P und),6.25,0.002,11,349.16,0,0
p(SURVEY P start P cloudCover)psi(disturb500 P forest500 P ndvi500 P water P height100 P distRoad),6.26,0.002,14,342.44,0,0
p(SURVEY P observer1 P start P cloudCover)psi(ndvi500 P water P ele),6.26,0.002,13,344.71,0,0
p(SURVEY P start P cloudCover)psi(forest500),6.27,0.002,9,353.56,0,0
p(SURVEY P start P cloudCover)psi(disturb500 P forest500 P ndvi500 P und P height100),6.28,0.002,13,344.72,0,0
p(SURVEY P observer1 P start P cloudCover)psi(disturb500 P forest500 P ele P height100 P distRoad),6.28,0.002,15,340.18,4.24,0
p(SURVEY P observer1 P start P cloudCover)psi(disturb500 P forest500 P ele P distRoad),6.29,0.002,14,342.47,0,0
p(SURVEY P observer1 P start P cloudCover)psi(disturb500 P ndvi500 P water P ele),6.32,0.0019,14,342.5,0,0
p(SURVEY P observer1 P start P cloudCover)psi(disturb500 P forest500 P und P distRoad),6.34,0.0019,14,342.52,0,0
p(SURVEY P observer1 P start P cloudCover)psi(ndvi500 P und P ele P distRoad),6.35,0.0019,14,342.54,0,0
p(SURVEY P start P cloudCover)psi(disturb500 P forest500 P water P height100),6.38,0.0019,12,347.06,0,0
p(SURVEY P observer1 P start P cloudCover)psi(disturb500 P ndvi500 P und P ele),6.39,0.0019,14,342.57,0,0
p(SURVEY P start P cloudCover)psi(disturb500 P forest500 P height100 P distRoad),6.4,0.0019,12,347.08,0,0
p(SURVEY P start P cloudCover)psi(forest500 P und P height100),6.41,0.0019,11,349.32,0,0
p(SURVEY P start P cloudCover)psi(forest500 P water P height100),6.41,0.0019,11,349.32,0,0
p(SURVEY P observer1 P start P cloudCover)psi(ndvi500 P ele P height100 P distRoad),6.42,0.0019,14,342.6,0,0
p(SURVEY P start P cloudCover)psi(forest500 P ndvi500 P water),6.42,0.0018,11,349.33,0,0
p(SURVEY P start P cloudCover)psi(disturb500 P forest500 P ndvi500 P water P ele),6.46,0.0018,13,344.91,0,0
p(SURVEY P start P cloudCover)psi(forest500 P ndvi500 P und P water P height100 P distRoad),6.47,0.0018,14,342.65,0,0
p(SURVEY P observer1 P start P cloudCover)psi(disturb500 P forest500 P ndvi500 P und P water P height100),6.47,0.0018,16,338.07,5.6,0
p(SURVEY P observer1 P start P cloudCover)psi(forest500 P ndvi500 P und P water P ele P distRoad),6.49,0.0018,16,338.09,0,0
p(SURVEY P start P cloudCover)psi(disturb500 P forest500 P ndvi500 P und P ele),6.5,0.0018,13,344.94,0,0
p(SURVEY P start P cloudCover)psi(forest500 P ndvi500 P und P height100),6.5,0.0018,12,347.19,0,0
p(SURVEY P start P cloudCover)psi(forest500 P ele),6.52,0.0018,10,351.63,0,0
p(SURVEY P observer1 P start P cloudCover)psi(forest500 P ndvi500 P und P ele P height100),6.52,0.0018,15,340.42,0,0
p(SURVEY P observer1 P start P cloudCover)psi(disturb500 P ele),6.56,0.0017,12,347.24,0,0
p(SURVEY P observer1 P start P cloudCover)psi(ele P distRoad),6.57,0.0017,12,347.25,0,0
p(SURVEY P observer1 P start P cloudCover)psi(forest500 P ndvi500 P water P ele P height100),6.59,0.0017,15,340.49,0,0
p(SURVEY P start P cloudCover)psi(forest500 P ndvi500 P water P height100),6.62,0.0017,12,347.31,0,0
p(SURVEY P start P cloudCover)psi(forest500 P ndvi500 P water P ele P height100 P distRoad),6.67,0.0016,14,342.85,0,0
p(SURVEY P start P cloudCover)psi(ele),6.7,0.0016,9,354,0,0
p(SURVEY P start P cloudCover)psi(disturb500 P forest500 P height100),6.72,0.0016,11,349.63,0,0
p(SURVEY P start P cloudCover)psi(disturb500 P forest500 P ndvi500 P und P water),6.73,0.0016,13,345.17,0,0
p(SURVEY P start P cloudCover)psi(disturb500 P forest500 P ndvi500 P ele P height100),6.76,0.0016,13,345.2,0,0
p(SURVEY P observer1 P start P cloudCover)psi(disturb500 P ndvi500 P water P ele P distRoad),6.77,0.0016,15,340.67,0,0
p(SURVEY P observer1 P start P cloudCover)psi(forest500 P ndvi500 P und P water P ele P height100 P distRoad),6.79,0.0015,17,336.07,0,0
p(SURVEY P start P cloudCover)psi(forest500 P ndvi500 P und P ele P height100 P distRoad),6.83,0.0015,14,343.01,0,0
p(SURVEY P start P cloudCover)psi(forest500 P ndvi500 P und P ele),6.9,0.0015,12,347.58,0,0
p(SURVEY P observer1 P start P cloudCover)psi(disturb500 P forest500 P water),6.97,0.0014,13,345.42,0,0
p(SURVEY P observer1 P start P cloudCover)psi(ndvi500 P distRoad),7,0.0014,12,347.68,0,0
p(SURVEY P observer1 P start P cloudCover)psi(disturb500 P forest500 P und),7.01,0.0014,13,345.46,0,0
p(SURVEY P observer1 P start P cloudCover)psi(disturb500 P forest500 P ndvi500 P water P ele P height100),7.04,0.0014,16,338.64,0,0
p(SURVEY P observer1 P start P cloudCover)psi(disturb500 P forest500 P und P water P height100 P distRoad),7.07,0.0013,16,338.67,0,0
p(SURVEY P observer1 P start P cloudCover)psi(und P ele),7.07,0.0013,12,347.76,4.66,0
p(SURVEY P start P cloudCover)psi(ndvi500 P ele P height100),7.08,0.0013,11,349.98,5.6,0
p(SURVEY P start P cloudCover)psi(forest500 P ele P distRoad),7.1,0.0013,11,350.01,0,0
p(SURVEY P start P cloudCover)psi(ndvi500 P und P ele),7.11,0.0013,11,350.02,0,0
p(SURVEY P observer1 P start P cloudCover)psi(water P ele),7.14,0.0013,12,347.82,0,0
p(SURVEY P observer1 P start P cloudCover)psi(forest500 P und P water P height100),7.15,0.0013,14,343.33,0,0
p(SURVEY P start P cloudCover)psi(forest500 P ndvi500 P water P ele),7.17,0.0013,12,347.86,0,0
p(SURVEY P observer1 P start P cloudCover)psi(forest500 P und P ele),7.23,0.0012,13,345.67,0,0
p(SURVEY P observer1 P start P cloudCover)psi(forest500 P water P ele P distRoad),7.23,0.0012,14,343.42,0,0
p(SURVEY P observer1 P start P cloudCover)psi(disturb500 P ele P height100),7.23,0.0012,13,345.68,0,0
p(SURVEY P start P cloudCover)psi(forest500 P und P distRoad),7.27,0.0012,11,350.18,0,0
p(SURVEY P observer1 P start P cloudCover)psi(forest500 P water P ele),7.29,0.0012,13,345.73,0,0
p(SURVEY P observer1 P start P cloudCover)psi(disturb500 P ndvi500 P ele P height100 P distRoad),7.3,0.0012,15,341.2,0,0
p(SURVEY P observer1 P start P cloudCover)psi(forest500 P und P ele P distRoad),7.3,0.0012,14,343.48,0,0
p(SURVEY P observer1 P start P cloudCover)psi(disturb500 P ndvi500 P und P ele P distRoad),7.31,0.0012,15,341.21,0,0
p(SURVEY P start P cloudCover)psi(disturb500 P forest500 P ele),7.31,0.0012,11,350.22,0,0
p(SURVEY P start P cloudCover)psi(disturb500 P forest500 P ndvi500 P und P ele P height100 P distRoad),7.32,0.0012,15,341.22,0,0
p(SURVEY P observer1 P start P cloudCover)psi(forest500 P und P water P ele P height100 P distRoad),7.32,0.0012,16,338.92,5.99,0
p(SURVEY P start P cloudCover)psi(forest500 P und P ele P height100),7.33,0.0012,12,348.01,0,0
p(SURVEY P start P cloudCover)psi(forest500 P water P ele P height100),7.33,0.0012,12,348.02,0,0
p(SURVEY P start P cloudCover)psi(forest500 P water P distRoad),7.33,0.0012,11,350.24,0,0
p(SURVEY P start P cloudCover)psi(forest500 P und P water P height100 P distRoad),7.35,0.0012,13,345.79,0,0
p(SURVEY P observer1 P start P cloudCover)psi(forest500 P und),7.36,0.0012,12,348.04,0,0
p(SURVEY P observer1 P start P cloudCover)psi(disturb500 P forest500 P und P height100),7.37,0.0012,14,343.55,0,0
p(SURVEY P observer1 P start P cloudCover)psi(disturb500 P forest500 P water P ele P height100),7.39,0.0011,15,341.29,0,0
p(SURVEY P observer1 P start P cloudCover)psi(forest500 P water),7.41,0.0011,12,348.09,5.83,0
p(SURVEY P observer1 P start P cloudCover)psi(disturb500 P forest500 P ndvi500 P und P water P ele),7.42,0.0011,16,339.02,0,0
p(SURVEY P start P cloudCover)psi(ele P height100),7.44,0.0011,10,352.55,0,0
p(SURVEY P start P cloudCover)psi(disturb500 P forest500 P ndvi500 P und P water P height100),7.45,0.0011,14,343.63,0,0
p(SURVEY P start P cloudCover)psi(disturb500 P forest500 P water P height100 P distRoad),7.46,0.0011,13,345.9,0,0
p(SURVEY P observer1 P start P cloudCover)psi(ele P height100 P distRoad),7.48,0.0011,13,345.92,0,0
p(SURVEY P observer1 P start P cloudCover)psi(disturb500 P ndvi500 P und P water P ele P distRoad),7.48,0.0011,16,339.08,0,0
p(SURVEY P start P cloudCover)psi(ndvi500 P water P ele),7.49,0.0011,11,350.4,0,0
p(SURVEY P start P cloudCover)psi(forest500 P ndvi500 P und P ele P height100),7.5,0.0011,13,345.94,0,0
p(SURVEY P observer1 P start P cloudCover)psi(forest500 P und P water P distRoad),7.52,0.0011,14,343.71,0,0
p(SURVEY P observer1 P start P cloudCover)psi(disturb500 P forest500 P und P water P height100),7.53,0.0011,15,341.43,0,0
p(SURVEY P start P cloudCover)psi(forest500 P water P ele P height100 P distRoad),7.53,0.0011,13,345.98,0,0
p(SURVEY P start P cloudCover)psi(disturb500 P forest500 P ndvi500 P und P water P height100 P distRoad),7.57,0.001,15,341.47,0,0
p(SURVEY P observer1 P start P cloudCover)psi(disturb500 P forest500 P ndvi500 P und P ele P height100),7.58,0.001,16,339.18,0,0
p(SURVEY P observer1 P start P cloudCover)psi(disturb500 P forest500 P water P ele P height100 P distRoad),7.6,0.001,16,339.2,0,0
p(SURVEY P observer1 P start P cloudCover)psi(ndvi500 P und P ele P height100),7.62,0.001,14,343.8,0,0
p(SURVEY P observer1 P start P cloudCover)psi(water P ele P height100),7.63,0.001,13,346.07,0,0
p(SURVEY P observer1 P start P cloudCover)psi(forest500 P ndvi500 P und P water P height100),7.64,0.001,15,341.54,4.46,0
p(SURVEY P start P cloudCover)psi(disturb500 P forest500 P ndvi500 P water P ele P height100 P distRoad),7.65,0.001,15,341.55,0,0
p(SURVEY P observer1 P start P cloudCover)psi(und P ele P height100),7.66,0.001,13,346.11,0,0
p(SURVEY P start P cloudCover)psi(disturb500 P ndvi500 P ele P height100),7.66,0.001,12,348.35,0,0
p(SURVEY P start P cloudCover)psi(forest500 P und P ele P height100 P distRoad),7.68,0.001,13,346.13,5.27,0
p(SURVEY P start P cloudCover)psi(disturb500 P forest500 P ndvi500 P und P water P ele P distRoad),7.7,0.001,15,341.6,5.3,0
p(SURVEY P observer1 P start P cloudCover)psi(disturb500 P ndvi500 P distRoad),7.71,0.001,13,346.15,0,0
p(SURVEY P start P cloudCover)psi(forest500 P ndvi500 P water P ele P height100),7.72,0.001,13,346.16,0,0
p(SURVEY P observer1 P start P cloudCover)psi(forest500 P ndvi500 P und P water),7.73,0.001,14,343.91,0,0
p(SURVEY P start P cloudCover)psi(disturb500 P ndvi500 P und P ele),7.74,0.001,12,348.43,0,0
p(SURVEY P observer1 P start P cloudCover)psi(disturb500 P forest500 P ndvi500 P und P water P ele P height100 P distRoad),7.76,9e-04,18,334.68,0,0
p(SURVEY P start P cloudCover)psi(disturb500 P ndvi500 P ele P distRoad),7.85,9e-04,12,348.54,0,0
p(SURVEY P observer1 P start P cloudCover)psi(forest500 P und P water P ele P height100),7.85,9e-04,15,341.75,0,0
p(SURVEY P observer1 P start P cloudCover)psi(ndvi500 P water P ele P height100),7.87,9e-04,14,344.05,5.84,0
p(SURVEY P start P cloudCover)psi(disturb500 P ndvi500 P water P ele),7.88,9e-04,12,348.57,0,0
p(SURVEY P observer1 P start P cloudCover)psi(disturb500 P forest500 P ele P height100),7.92,9e-04,14,344.11,5.07,0
p(SURVEY P observer1 P start P cloudCover)psi(disturb500 P forest500 P water P ele),7.93,9e-04,14,344.11,0,0
p(SURVEY P observer1 P start P cloudCover)psi(disturb500 P forest500 P und P ele),7.99,8e-04,14,344.17,0,0
p(SURVEY P start P cloudCover)psi(ndvi500 P und P ele P distRoad),7.99,8e-04,12,348.68,0,0
p(SURVEY P start P cloudCover)psi(disturb500 P forest500 P und P height100 P distRoad),8,8e-04,13,346.45,0,0
p(SURVEY P observer1 P start P cloudCover)psi(disturb500 P forest500 P ndvi500 P und P ele P distRoad),8.03,8e-04,16,339.63,0,0
p(SURVEY P observer1 P start P cloudCover)psi(disturb500 P ndvi500 P water P ele P height100),8.04,8e-04,15,341.94,0,0
p(SURVEY P start P cloudCover)psi(disturb500 P forest500 P water P distRoad),8.05,8e-04,12,348.73,0,0
p(SURVEY P start P cloudCover)psi(disturb500 P forest500 P und),8.06,8e-04,11,350.97,0,0
p(SURVEY P start P cloudCover)psi(disturb500 P forest500 P ndvi500 P water P ele P height100),8.06,8e-04,14,344.24,0,0
p(SURVEY P observer1 P start P cloudCover)psi(ndvi500 P und P water P ele P distRoad),8.06,8e-04,15,341.96,0,0
p(SURVEY P observer1 P start P cloudCover)psi(disturb500 P forest500 P water P ele P distRoad),8.07,8e-04,15,341.97,0,0
p(SURVEY P start P cloudCover)psi(disturb500 P forest500 P und P distRoad),8.07,8e-04,12,348.76,0,0
p(SURVEY P start P cloudCover)psi(forest500 P ndvi500 P und P water P ele P distRoad),8.08,8e-04,14,344.26,0,0
p(SURVEY P observer1 P start P cloudCover)psi(ndvi500 P und P water P ele),8.09,8e-04,14,344.27,0,0
p(SURVEY P start P cloudCover)psi(ndvi500 P water P ele P distRoad),8.1,8e-04,12,348.79,0,0
p(SURVEY P observer1 P start P cloudCover)psi(disturb500 P forest500 P und P water P distRoad),8.11,8e-04,15,342.01,0,0
p(SURVEY P observer1 P start P cloudCover)psi(disturb500 P ndvi500 P und P ele P height100),8.12,8e-04,15,342.02,0,0
p(SURVEY P start P cloudCover)psi(disturb500 P forest500 P ele P distRoad),8.12,8e-04,12,348.81,0,0
p(SURVEY P observer1 P start P cloudCover)psi(disturb500 P ndvi500),8.13,8e-04,12,348.82,0,0
p(SURVEY P start P cloudCover)psi(forest500 P und),8.13,8e-04,10,353.24,0,0
p(SURVEY P start P cloudCover)psi(disturb500 P ele),8.15,8e-04,10,353.26,0,0
p(SURVEY P start P cloudCover)psi(disturb500 P forest500 P water),8.15,8e-04,11,351.06,0,0
p(SURVEY P start P cloudCover)psi(ndvi500 P ele P height100 P distRoad),8.15,8e-04,12,348.84,5,0
p(SURVEY P observer1 P start P cloudCover)psi(forest500 P ndvi500 P und P water P ele),8.15,8e-04,15,342.05,0,0
p(SURVEY P observer1 P start P cloudCover)psi(water P ele P distRoad),8.2,8e-04,13,346.64,0,0
p(SURVEY P observer1 P start P cloudCover)psi(disturb500 P forest500 P und P ele P height100 P distRoad),8.21,8e-04,16,339.8,0,0
p(SURVEY P start P cloudCover)psi(disturb500 P forest500 P ele P height100 P distRoad),8.23,8e-04,13,346.67,5.87,0
p(SURVEY P start P cloudCover)psi(forest500 P und P water P height100),8.23,7e-04,12,348.91,0,0
p(SURVEY P observer1 P start P cloudCover)psi(ndvi500 P water P ele P height100 P distRoad),8.24,7e-04,15,342.14,0,0
p(SURVEY P start P cloudCover)psi(disturb500 P forest500 P und P height100),8.25,7e-04,12,348.94,0,0
p(SURVEY P observer1 P start P cloudCover)psi(disturb500 P ndvi500 P und P water P ele),8.27,7e-04,15,342.17,0,0
p(SURVEY P start P cloudCover)psi(forest500 P und P ele),8.3,7e-04,11,351.2,0,0
p(SURVEY P observer1 P start P cloudCover)psi(disturb500 P forest500 P und P ele P distRoad),8.3,7e-04,15,342.2,0,0
p(SURVEY P observer1 P start P cloudCover)psi(ndvi500 P und P ele P height100 P distRoad),8.31,7e-04,15,342.21,0,0
p(SURVEY P start P cloudCover)psi(forest500 P water),8.31,7e-04,10,353.42,0,0
p(SURVEY P observer1 P start P cloudCover)psi(disturb500 P water P ele),8.33,7e-04,13,346.77,0,0
p(SURVEY P start P cloudCover)psi(forest500 P ndvi500 P und P water),8.33,7e-04,12,349.02,0,0
p(SURVEY P start P cloudCover)psi(disturb500 P forest500 P water P ele P height100),8.35,7e-04,13,346.79,0,0
p(SURVEY P start P cloudCover)psi(ndvi500 P distRoad),8.37,7e-04,10,353.48,0,0
p(SURVEY P observer1 P start P cloudCover)psi(und P ele P distRoad),8.38,7e-04,13,346.82,0,0
p(SURVEY P start P cloudCover)psi(ele P distRoad),8.38,7e-04,10,353.49,0,0
p(SURVEY P start P cloudCover)psi(und P ele),8.4,7e-04,10,353.51,0,0
p(SURVEY P observer1 P start P cloudCover)psi(ndvi500),8.42,7e-04,11,351.33,4.71,0
p(SURVEY P start P cloudCover)psi(disturb500 P forest500 P ndvi500 P und P ele P height100),8.43,7e-04,14,344.61,0,0
p(SURVEY P observer1 P start P cloudCover)psi(disturb500 P und P ele),8.46,7e-04,13,346.9,0,0
p(SURVEY P start P cloudCover)psi(forest500 P ndvi500 P und P water P height100),8.47,7e-04,13,346.91,0,0
p(SURVEY P start P cloudCover)psi(disturb500 P forest500 P ndvi500 P und P water P ele),8.48,7e-04,14,344.66,0,0
p(SURVEY P observer1 P start P cloudCover)psi(forest500 P ndvi500 P und P water P ele P height100),8.48,7e-04,16,340.08,0,0
p(SURVEY P start P cloudCover)psi(disturb500 P forest500 P und P water P height100),8.5,7e-04,13,346.94,0,0
p(SURVEY P start P cloudCover)psi(forest500 P water P ele),8.53,6e-04,11,351.44,0,0
p(SURVEY P observer1 P start P cloudCover)psi(disturb500 P ndvi500 P water P ele P height100 P distRoad),8.54,6e-04,16,340.13,5.61,0
p(SURVEY P observer1 P start P cloudCover)psi(disturb500 P forest500 P ndvi500 P und P water P ele P height100),8.6,6e-04,17,337.88,5.92,0
p(SURVEY P start P cloudCover)psi(forest500 P ndvi500 P und P water P ele P height100 P distRoad),8.61,6e-04,15,342.51,0,0
p(SURVEY P start P cloudCover)psi(water P ele),8.66,6e-04,10,353.77,0,0
p(SURVEY P start P cloudCover)psi(ndvi500 P und P ele P height100),8.78,6e-04,12,349.47,0,0
p(SURVEY P observer1 P start P cloudCover)psi(disturb500 P ndvi500 P water P distRoad),8.81,6e-04,14,345,0,0
p(SURVEY P observer1 P start P cloudCover)psi(ndvi500 P water P distRoad),8.85,5e-04,13,347.3,0,0
p(SURVEY P observer1 P start P cloudCover)psi(disturb500 P ndvi500 P und P ele P height100 P distRoad),8.88,5e-04,16,340.48,0,0
p(SURVEY P start P cloudCover)psi(disturb500 P forest500 P ele P height100),8.89,5e-04,12,349.58,0,0
p(SURVEY P start P cloudCover)psi(disturb500 P forest500 P water P ele P height100 P distRoad),8.91,5e-04,14,345.09,0,0
p(SURVEY P start P cloudCover)psi(disturb500 P ele P height100),8.91,5e-04,11,351.82,0,0
p(SURVEY P start P cloudCover)psi(forest500 P und P ele P distRoad),8.92,5e-04,12,349.61,0,0
p(SURVEY P observer1 P start P cloudCover)psi(water P ele P height100 P distRoad),8.97,5e-04,14,345.15,0,0
p(SURVEY P start P cloudCover)psi(forest500 P ndvi500 P und P water P ele),9,5e-04,13,347.45,0,0
p(SURVEY P start P cloudCover)psi(disturb500 P forest500 P und P water P height100 P distRoad),9.01,5e-04,14,345.19,0,0
p(SURVEY P observer1 P start P cloudCover)psi(und P water P ele),9.03,5e-04,13,347.47,0,0
p(SURVEY P observer1 P start P cloudCover)psi(ndvi500 P und P distRoad),9.04,5e-04,13,347.49,0,0
p(SURVEY P observer1 P start P cloudCover)psi(disturb500 P forest500 P und P water),9.05,5e-04,14,345.23,0,0
p(SURVEY P start P cloudCover)psi(forest500 P water P ele P distRoad),9.06,5e-04,12,349.74,0,0
p(SURVEY P start P cloudCover)psi(disturb500 P ndvi500),9.06,5e-04,10,354.17,0,0
p(SURVEY P start P cloudCover)psi(disturb500 P forest500 P ndvi500 P und P water P ele P height100 P distRoad),9.07,5e-04,16,340.67,0,0
p(SURVEY P start P cloudCover)psi(und P ele P height100),9.07,5e-04,11,351.98,0,0
p(SURVEY P start P cloudCover)psi(ndvi500),9.1,5e-04,9,356.39,0,0
p(SURVEY P observer1 P start P cloudCover)psi(forest500 P und P water P ele P distRoad),9.14,5e-04,15,343.04,0,0
p(SURVEY P start P cloudCover)psi(forest500 P und P water P ele P height100),9.15,5e-04,13,347.6,0,0
p(SURVEY P observer1 P start P cloudCover)psi(disturb500 P water P ele P distRoad),9.17,5e-04,14,345.35,0,0
p(SURVEY P start P cloudCover)psi(disturb500 P ndvi500 P water P ele P distRoad),9.17,5e-04,13,347.62,0,0
p(SURVEY P start P cloudCover)psi(ndvi500 P water P ele P height100),9.18,5e-04,12,349.86,5.96,0
p(SURVEY P start P cloudCover)psi(forest500 P und P water P distRoad),9.18,5e-04,12,349.87,0,0
p(SURVEY P observer1 P start P cloudCover)psi(ndvi500 P height100 P distRoad),9.19,5e-04,13,347.63,0,0
p(SURVEY P start P cloudCover)psi(disturb500 P forest500 P und P ele),9.21,5e-04,12,349.89,0,0
p(SURVEY P observer1 P start P cloudCover)psi(und P ele P height100 P distRoad),9.21,5e-04,14,345.39,0,0
p(SURVEY P start P cloudCover)psi(ndvi500 P und P water P ele),9.21,5e-04,12,349.9,0,0
p(SURVEY P observer1 P start P cloudCover)psi(forest500 P und P water P ele),9.22,5e-04,14,345.4,4.88,0
p(SURVEY P observer1 P start P cloudCover)psi(disturb500 P forest500 P und P water P ele P height100 P distRoad),9.24,5e-04,17,338.51,0,0
p(SURVEY P start P cloudCover)psi(water P ele P height100),9.26,4e-04,11,352.17,0,0
p(SURVEY P start P cloudCover)psi(ele P height100 P distRoad),9.3,4e-04,11,352.21,0,0
p(SURVEY P start P cloudCover)psi(forest500 P und P water P ele P height100 P distRoad),9.33,4e-04,14,345.52,5.88,0
p(SURVEY P start P cloudCover)psi(disturb500 P forest500 P water P ele),9.34,4e-04,12,350.03,0,0
p(SURVEY P observer1 P start P cloudCover)psi(forest500 P und P water),9.36,4e-04,13,347.81,0,0
p(SURVEY P start P cloudCover)psi(disturb500 P ndvi500 P und P ele P distRoad),9.38,4e-04,13,347.82,0,0
p(SURVEY P observer1 P start P cloudCover)psi(und P water P ele P height100),9.47,4e-04,14,345.65,0,0
p(SURVEY P start P cloudCover)psi(forest500 P ndvi500 P und P water P ele P height100),9.51,4e-04,14,345.69,0,0
p(SURVEY P start P cloudCover)psi(disturb500 P ndvi500 P ele P height100 P distRoad),9.51,4e-04,13,347.96,0,0
p(SURVEY P start P cloudCover)psi(disturb500 P forest500 P ndvi500 P und P water P ele P height100),9.54,4e-04,15,343.44,0,0
p(SURVEY P observer1 P start P cloudCover)psi(disturb500 P forest500 P ndvi500 P und P water P ele P distRoad),9.56,4e-04,17,338.83,0,0
p(SURVEY P observer1 P start P cloudCover)psi(disturb500 P forest500 P und P water P ele P height100),9.61,4e-04,16,341.21,0,0
p(SURVEY P observer1 P start P cloudCover)psi(disturb500 P forest500 P und P ele P height100),9.62,4e-04,15,343.52,5.09,0
p(SURVEY P observer1 P start P cloudCover)psi(ndvi500 P und P water P ele P height100),9.65,4e-04,15,343.55,0,0
p(SURVEY P observer1 P start P cloudCover)psi(disturb500 P ndvi500 P und P distRoad),9.67,4e-04,14,345.85,0,0
p(SURVEY P start P cloudCover)psi(disturb500 P ndvi500 P distRoad),9.68,4e-04,11,352.59,0,0
p(SURVEY P observer1 P start P cloudCover)psi(disturb500 P ndvi500 P height100 P distRoad),9.69,4e-04,14,345.88,0,0
p(SURVEY P start P cloudCover)psi(disturb500 P ndvi500 P und P water P ele),9.73,4e-04,13,348.18,0,0
p(SURVEY P start P cloudCover)psi(ndvi500 P und P water P ele P distRoad),9.88,3e-04,13,348.33,0,0
p(SURVEY P start P cloudCover)psi(disturb500 P ele P distRoad),9.9,3e-04,11,352.81,0,0
p(SURVEY P start P cloudCover)psi(disturb500 P forest500 P und P ele P height100 P distRoad),9.9,3e-04,14,346.08,0,0
p(SURVEY P observer1 P start P cloudCover)psi(disturb500 P ndvi500 P und P water P ele P height100 P distRoad),9.9,3e-04,17,339.18,0,0
p(SURVEY P start P cloudCover)psi(disturb500 P und P ele),9.93,3e-04,11,352.83,0,0
p(SURVEY P start P cloudCover)psi(ndvi500 P und P ele P height100 P distRoad),9.95,3e-04,13,348.39,0,0
p(SURVEY P start P cloudCover)psi(disturb500 P forest500 P und P water P distRoad),9.98,3e-04,13,348.42,0,0
p(SURVEY P observer1 P start P cloudCover)psi(disturb500 P forest500 P und P water P ele),9.98,3e-04,15,343.88,0,0
p(SURVEY P start P cloudCover)psi(disturb500 P forest500 P und P ele P distRoad),10.04,3e-04,13,348.48,0,0
p(SURVEY P start P cloudCover)psi(disturb500 P forest500 P water P ele P distRoad),10.06,3e-04,13,348.5,0,0
p(SURVEY P observer1 P start P cloudCover)psi(ndvi500 P und P water P ele P height100 P distRoad),10.07,3e-04,16,341.67,0,0
p(SURVEY P observer1 P start P cloudCover)psi(disturb500 P forest500 P und P water P ele P distRoad),10.08,3e-04,16,341.67,0,0
p(SURVEY P start P cloudCover)psi(und P ele P distRoad),10.08,3e-04,11,352.99,0,0
p(SURVEY P start P cloudCover)psi(disturb500 P water P ele),10.08,3e-04,11,352.99,0,0
p(SURVEY P start P cloudCover)psi(ndvi500 P water P ele P height100 P distRoad),10.12,3e-04,13,348.57,5.35,0
p(SURVEY P start P cloudCover)psi(disturb500 P forest500 P und P water),10.13,3e-04,12,350.82,0,0
p(SURVEY P start P cloudCover)psi(forest500 P und P water),10.17,3e-04,11,353.08,0,0
p(SURVEY P observer1 P start P cloudCover)psi(und P water P ele P distRoad),10.17,3e-04,14,346.35,0,0
p(SURVEY P observer1 P start P cloudCover)psi(disturb500 P ndvi500 P und),10.23,3e-04,13,348.67,0,0
p(SURVEY P observer1 P start P cloudCover)psi(ndvi500 P height100),10.25,3e-04,12,350.94,0,0
p(SURVEY P start P cloudCover)psi(water P ele P distRoad),10.26,3e-04,11,353.16,0,0
p(SURVEY P observer1 P start P cloudCover)psi(disturb500 P water P ele P height100),10.29,3e-04,14,346.47,0,0
p(SURVEY P start P cloudCover)psi(ndvi500 P water P distRoad),10.31,3e-04,11,353.22,0,0
p(SURVEY P start P cloudCover)psi(forest500 P und P water P ele),10.34,3e-04,12,351.02,0,0
p(SURVEY P start P cloudCover)psi(disturb500 P forest500 P und P ele P height100),10.34,3e-04,13,348.78,0,0
p(SURVEY P start P cloudCover)psi(ndvi500 P und P distRoad),10.35,3e-04,11,353.26,0,0
p(SURVEY P observer1 P start P cloudCover)psi(disturb500 P und P water P ele),10.38,3e-04,14,346.56,5.93,0
p(SURVEY P observer1 P start P cloudCover)psi(ndvi500 P und),10.4,3e-04,12,351.09,0,0
p(SURVEY P start P cloudCover)psi(disturb500 P forest500 P und P water P ele P height100 P distRoad),10.41,3e-04,15,344.31,0,0
p(SURVEY P start P cloudCover)psi(und P water P ele),10.41,3e-04,11,353.32,5.13,0
p(SURVEY P observer1 P start P cloudCover)psi(ndvi500 P water),10.47,2e-04,12,351.16,0,0
p(SURVEY P start P cloudCover)psi(disturb500 P forest500 P und P water P ele P height100),10.49,2e-04,14,346.67,0,0
p(SURVEY P observer1 P start P cloudCover)psi(disturb500 P ele P distRoad),10.5,2e-04,13,348.94,0,0
p(SURVEY P start P cloudCover)psi(ndvi500 P height100 P distRoad),10.53,2e-04,11,353.44,0,0
p(SURVEY P start P cloudCover)psi(disturb500 P ndvi500 P und P water P ele P distRoad),10.55,2e-04,14,346.74,0,0
p(SURVEY P start P cloudCover)psi(disturb500 P water P ele P height100),10.63,2e-04,12,351.31,0,0
p(SURVEY P start P cloudCover)psi(disturb500 P und P ele P height100),10.63,2e-04,12,351.32,0,0
p(SURVEY P observer1 P start P cloudCover)psi(disturb500 P ndvi500 P und P water P distRoad),10.69,2e-04,15,344.59,0,0
p(SURVEY P observer1 P start P cloudCover)psi(distRoad),10.83,2e-04,11,353.73,0,0
p(SURVEY P start P cloudCover)psi(forest500 P und P water P ele P distRoad),10.85,2e-04,13,349.3,0,0
p(SURVEY P start P cloudCover)psi(ndvi500 P und P water P ele P height100),10.86,2e-04,13,349.3,0,0
p(SURVEY P observer1 P start P cloudCover)psi(ndvi500 P und P water P distRoad),10.86,2e-04,14,347.04,0,0
p(SURVEY P start P cloudCover)psi(disturb500 P ndvi500 P und P ele P height100 P distRoad),10.89,2e-04,14,347.07,0,0
p(SURVEY P observer1 P start P cloudCover)psi(und P water P ele P height100 P distRoad),10.89,2e-04,15,344.79,0,0
p(SURVEY P start P cloudCover)psi(disturb500 P ndvi500 P water P ele P height100 P distRoad),10.9,2e-04,14,347.08,4.61,0
p(SURVEY P observer1 P start P cloudCover)psi(disturb500 P ndvi500 P water P height100 P distRoad),10.91,2e-04,15,344.81,0,0
p(SURVEY P start P cloudCover)psi(disturb500 P ndvi500 P water P distRoad),10.92,2e-04,12,351.6,0,0
p(SURVEY P observer1 P start P cloudCover)psi(disturb500 P ele P height100 P distRoad),10.92,2e-04,14,347.1,0,0
p(SURVEY P observer1 P start P cloudCover)psi(disturb500 P ndvi500 P water),10.93,2e-04,13,349.37,0,0
p(SURVEY P start P cloudCover)psi(und P ele P height100 P distRoad),10.93,2e-04,12,351.62,0,0
p(SURVEY P start P cloudCover)psi(ndvi500 P height100),10.93,2e-04,10,356.04,0,0
p(SURVEY P start P cloudCover)psi(disturb500 P ndvi500 P height100),10.95,2e-04,11,353.86,0,0
p(SURVEY P observer1 P start P cloudCover)psi(disturb500 P ndvi500 P height100),10.96,2e-04,13,349.4,0,0
p(SURVEY P start P cloudCover)psi(und P water P ele P height100),10.97,2e-04,12,351.66,0,0
p(SURVEY P observer1 P start P cloudCover)psi(disturb500 P water P ele P height100 P distRoad),11,2e-04,15,344.9,0,0
p(SURVEY P start P cloudCover)psi(ndvi500 P und),11.01,2e-04,10,356.12,0,0
p(SURVEY P start P cloudCover)psi(water P ele P height100 P distRoad),11.06,2e-04,12,351.75,0,0
p(SURVEY P observer1 P start P cloudCover)psi(),11.07,2e-04,10,356.18,3.35,0
p(SURVEY P observer1 P start P cloudCover)psi(ndvi500 P water P height100 P distRoad),11.08,2e-04,14,347.26,5.96,0
p(SURVEY P start P cloudCover)psi(disturb500 P ndvi500 P und),11.09,2e-04,11,353.99,0,0
p(SURVEY P start P cloudCover)psi(disturb500 P ndvi500 P water),11.14,2e-04,11,354.04,0,0
p(SURVEY P start P cloudCover)psi(ndvi500 P water),11.17,2e-04,10,356.28,0,0
p(SURVEY P observer1 P start P cloudCover)psi(ndvi500 P und P height100 P distRoad),11.25,2e-04,14,347.43,0,0
p(SURVEY P start P cloudCover)psi(disturb500 P forest500 P und P water P ele),11.26,2e-04,13,349.71,0,0
p(SURVEY P start P cloudCover)psi(disturb500 P ndvi500 P water P ele P height100),11.3,2e-04,13,349.74,0,0
p(SURVEY P observer1 P start P cloudCover)psi(disturb500 P und P water P ele P distRoad),11.3,2e-04,15,345.21,0,0
p(SURVEY P observer1 P start P cloudCover)psi(disturb500 P ndvi500 P und P water P ele P height100),11.33,2e-04,16,342.92,0,0
p(SURVEY P start P cloudCover)psi(disturb500 P ndvi500 P und P ele P height100),11.41,2e-04,13,349.85,0,0
p(SURVEY P start P cloudCover)psi(disturb500 P ndvi500 P und P water P ele P height100),11.49,1e-04,14,347.68,0,0
p(SURVEY P start P cloudCover)psi(disturb500 P water P ele P distRoad),11.55,1e-04,12,352.23,0,0
p(SURVEY P start P cloudCover)psi(disturb500 P ndvi500 P und P distRoad),11.57,1e-04,12,352.26,0,0
p(SURVEY P start P cloudCover)psi(disturb500 P ndvi500 P height100 P distRoad),11.62,1e-04,12,352.31,0,0
p(SURVEY P observer1 P start P cloudCover)psi(disturb500 P ndvi500 P und P height100 P distRoad),11.64,1e-04,15,345.54,0,0
p(SURVEY P observer1 P start P cloudCover)psi(disturb500),11.76,1e-04,11,354.66,0,0
p(SURVEY P start P cloudCover)psi(ndvi500 P und P water P ele P height100 P distRoad),11.87,1e-04,14,348.05,0,0
p(SURVEY P start P cloudCover)psi(),11.89,1e-04,8,361.35,0,0
p(SURVEY P start P cloudCover)psi(disturb500 P und P water P ele),11.94,1e-04,12,352.63,5.53,0
p(SURVEY P start P cloudCover)psi(disturb500 P forest500 P und P water P ele P distRoad),11.96,1e-04,14,348.14,0,0
p(SURVEY P observer1 P start P cloudCover)psi(disturb500 P und P ele P height100),11.97,1e-04,14,348.16,0,0
p(SURVEY P observer1 P start P cloudCover)psi(disturb500 P distRoad),12.01,1e-04,12,352.69,0,0
p(SURVEY P start P cloudCover)psi(und P water P ele P distRoad),12.01,1e-04,12,352.7,0,0
p(SURVEY P start P cloudCover)psi(disturb500 P ndvi500 P und P water P ele P height100 P distRoad),12.1,1e-04,15,346,0,0
p(SURVEY P observer1 P start P cloudCover)psi(height100),12.14,1e-04,11,355.04,0,0
p(SURVEY P start P cloudCover)psi(distRoad),12.21,1e-04,9,359.5,0,0
p(SURVEY P observer1 P start P cloudCover)psi(ndvi500 P und P height100),12.23,1e-04,13,350.68,4.91,0
p(SURVEY P start P cloudCover)psi(ndvi500 P und P water P distRoad),12.25,1e-04,12,352.93,0,0
p(SURVEY P observer1 P start P cloudCover)psi(height100 P distRoad),12.29,1e-04,12,352.97,0,0
p(SURVEY P observer1 P start P cloudCover)psi(ndvi500 P water P height100),12.29,1e-04,13,350.74,0,0
p(SURVEY P observer1 P start P cloudCover)psi(disturb500 P und P ele P distRoad),12.38,1e-04,14,348.56,0,0
p(SURVEY P observer1 P start P cloudCover)psi(disturb500 P und P water P ele P height100),12.38,1e-04,15,346.29,0,0
p(SURVEY P observer1 P start P cloudCover)psi(ndvi500 P und P water),12.41,1e-04,13,350.86,0,0
p(SURVEY P start P cloudCover)psi(ndvi500 P water P height100 P distRoad),12.49,1e-04,12,353.18,0,0
p(SURVEY P start P cloudCover)psi(disturb500 P und P water P ele P height100),12.51,1e-04,13,350.96,0,0
p(SURVEY P start P cloudCover)psi(ndvi500 P und P height100 P distRoad),12.51,1e-04,12,353.2,0,0
p(SURVEY P observer1 P start P cloudCover)psi(disturb500 P ndvi500 P water P height100),12.55,1e-04,14,348.74,0,0
p(SURVEY P observer1 P start P cloudCover)psi(disturb500 P und P ele P height100 P distRoad),12.6,1e-04,15,346.51,0,0
p(SURVEY P start P cloudCover)psi(disturb500 P ndvi500 P und P water P distRoad),12.74,1e-04,13,351.18,0,0
p(SURVEY P start P cloudCover)psi(disturb500),12.76,1e-04,9,360.05,0,0
p(SURVEY P start P cloudCover)psi(und P water P ele P height100 P distRoad),12.77,1e-04,13,351.21,0,0
p(SURVEY P observer1 P start P cloudCover)psi(water P distRoad),12.77,1e-04,12,353.45,0,0
p(SURVEY P observer1 P start P cloudCover)psi(disturb500 P ndvi500 P und P water P height100 P distRoad),12.77,1e-04,16,344.36,0,0
p(SURVEY P observer1 P start P cloudCover)psi(und P distRoad),12.82,1e-04,12,353.51,0,0
p(SURVEY P observer1 P start P cloudCover)psi(disturb500 P und P water P ele P height100 P distRoad),12.82,1e-04,16,344.42,0,0
p(SURVEY P start P cloudCover)psi(ndvi500 P und P height100),12.85,1e-04,11,355.76,0,0
p(SURVEY P observer1 P start P cloudCover)psi(disturb500 P height100),12.86,1e-04,12,353.55,0,0
p(SURVEY P start P cloudCover)psi(disturb500 P ndvi500 P water P height100 P distRoad),12.97,1e-04,13,351.41,0,0
p(SURVEY P start P cloudCover)psi(ndvi500 P water P height100),13.01,1e-04,11,355.92,0,0
p(SURVEY P start P cloudCover)psi(height100),13.01,1e-04,9,360.3,0,0
p(SURVEY P observer1 P start P cloudCover)psi(und),13.02,1e-04,11,355.93,0,0
p(SURVEY P observer1 P start P cloudCover)psi(disturb500 P ndvi500 P und P water),13.03,1e-04,14,349.21,0,0
p(SURVEY P start P cloudCover)psi(disturb500 P ele P height100 P distRoad),13.03,1e-04,12,353.72,0,0
p(SURVEY P observer1 P start P cloudCover)psi(water),13.04,1e-04,11,355.95,0,0
p(SURVEY P start P cloudCover)psi(ndvi500 P und P water),13.05,1e-04,11,355.96,0,0
p(SURVEY P observer1 P start P cloudCover)psi(disturb500 P ndvi500 P und P height100),13.08,1e-04,14,349.26,0,0
p(SURVEY P observer1 P start P cloudCover)psi(ndvi500 P und P water P height100 P distRoad),13.09,1e-04,15,346.99,0,0
p(SURVEY P start P cloudCover)psi(disturb500 P water P ele P height100 P distRoad),13.26,1e-04,13,351.7,0,0
p(SURVEY P start P cloudCover)psi(disturb500 P distRoad),13.48,1e-04,10,358.59,0,0
p(SURVEY P start P cloudCover)psi(disturb500 P ndvi500 P und P height100 P distRoad),13.49,1e-04,13,351.94,4.93,0
p(SURVEY P start P cloudCover)psi(disturb500 P ndvi500 P water P height100),13.66,0,12,354.34,0,0
p(SURVEY P start P cloudCover)psi(height100 P distRoad),13.68,0,10,358.79,0,0
p(SURVEY P start P cloudCover)psi(und),13.77,0,9,361.06,0,0
p(SURVEY P observer1 P start P cloudCover)psi(disturb500 P water),13.78,0,12,354.47,0,0
p(SURVEY P observer1 P start P cloudCover)psi(disturb500 P und),13.8,0,12,354.49,0,0
p(SURVEY P start P cloudCover)psi(water),13.9,0,9,361.19,5.93,0
p(SURVEY P start P cloudCover)psi(disturb500 P height100),13.91,0,10,359.02,0,0
p(SURVEY P start P cloudCover)psi(disturb500 P ndvi500 P und P water),14.01,0,12,354.7,0,0
p(SURVEY P start P cloudCover)psi(disturb500 P ndvi500 P und P height100),14.02,0,12,354.71,0,0
p(SURVEY P observer1 P start P cloudCover)psi(water P height100),14.02,0,12,354.71,0,0
p(SURVEY P observer1 P start P cloudCover)psi(disturb500 P und P distRoad),14.05,0,13,352.49,0,0
p(SURVEY P observer1 P start P cloudCover)psi(und P height100),14.08,0,12,354.76,0,0
p(SURVEY P start P cloudCover)psi(und P distRoad),14.12,0,10,359.23,0,0
p(SURVEY P observer1 P start P cloudCover)psi(water P height100 P distRoad),14.18,0,13,352.62,0,0
p(SURVEY P start P cloudCover)psi(water P distRoad),14.19,0,10,359.3,0,0
p(SURVEY P observer1 P start P cloudCover)psi(ndvi500 P und P water P height100),14.23,0,14,350.41,0,0
p(SURVEY P observer1 P start P cloudCover)psi(und P height100 P distRoad),14.26,0,13,352.71,4.28,0
p(SURVEY P start P cloudCover)psi(disturb500 P und P ele P distRoad),14.35,0,12,355.03,0,0
p(SURVEY P start P cloudCover)psi(ndvi500 P und P water P height100 P distRoad),14.44,0,13,352.88,0,0
p(SURVEY P start P cloudCover)psi(disturb500 P und P ele P height100 P distRoad),14.54,0,13,352.98,0,0
p(SURVEY P observer1 P start P cloudCover)psi(disturb500 P ndvi500 P und P water P height100),14.61,0,15,348.51,0,0
p(SURVEY P observer1 P start P cloudCover)psi(und P water P distRoad),14.72,0,13,353.17,5.39,0
p(SURVEY P start P cloudCover)psi(disturb500 P und),14.73,0,10,359.84,0,0
p(SURVEY P start P cloudCover)psi(disturb500 P ndvi500 P und P water P height100 P distRoad),14.76,0,14,350.95,0,0
p(SURVEY P start P cloudCover)psi(disturb500 P water),14.81,0,10,359.92,0,0
p(SURVEY P observer1 P start P cloudCover)psi(disturb500 P water P height100),14.81,0,13,353.26,0,0
p(SURVEY P start P cloudCover)psi(und P height100),14.87,0,10,359.98,0,0
p(SURVEY P start P cloudCover)psi(ndvi500 P und P water P height100),14.88,0,12,355.57,0,0
p(SURVEY P start P cloudCover)psi(disturb500 P und P water P ele P distRoad),14.89,0,13,353.34,0,0
p(SURVEY P observer1 P start P cloudCover)psi(disturb500 P und P height100),14.9,0,13,353.35,0,0
p(SURVEY P start P cloudCover)psi(disturb500 P und P water P ele P height100 P distRoad),14.95,0,14,351.13,0,0
p(SURVEY P start P cloudCover)psi(water P height100),14.95,0,10,360.06,0,0
p(SURVEY P observer1 P start P cloudCover)psi(und P water),14.96,0,12,355.65,0,0
p(SURVEY P start P cloudCover)psi(disturb500 P height100 P distRoad),14.98,0,11,357.89,0,0
p(SURVEY P observer1 P start P cloudCover)psi(disturb500 P height100 P distRoad),15.29,0,13,353.74,0,0
p(SURVEY P observer1 P start P cloudCover)psi(disturb500 P water P distRoad),15.43,0,13,353.88,0,0
p(SURVEY P start P cloudCover)psi(disturb500 P und P distRoad),15.44,0,11,358.35,5.49,0
p(SURVEY P start P cloudCover)psi(disturb500 P water P distRoad),15.51,0,11,358.42,0,0
p(SURVEY P start P cloudCover)psi(und P height100 P distRoad),15.57,0,11,358.48,0,0
p(SURVEY P start P cloudCover)psi(water P height100 P distRoad),15.62,0,11,358.52,0,0
p(SURVEY P start P cloudCover)psi(disturb500 P ndvi500 P und P water P height100),15.64,0,13,354.09,0,0
p(SURVEY P start P cloudCover)psi(und P water),15.75,0,10,360.86,0,0
p(SURVEY P observer1 P start P cloudCover)psi(disturb500 P und P water),15.81,0,13,354.26,0,0
p(SURVEY P start P cloudCover)psi(disturb500 P und P height100),15.87,0,11,358.78,0,0
p(SURVEY P start P cloudCover)psi(disturb500 P water P height100),15.91,0,11,358.81,0,0
p(SURVEY P observer1 P start P cloudCover)psi(und P water P height100),15.91,0,13,354.36,5.26,0
p(SURVEY P start P cloudCover)psi(und P water P distRoad),16.07,0,11,358.98,0,0
p(SURVEY P observer1 P start P cloudCover)psi(und P water P height100 P distRoad),16.1,0,14,352.28,5.3,0
p(SURVEY P observer1 P start P cloudCover)psi(disturb500 P water P height100 P distRoad),16.46,0,14,352.65,0,0
p(SURVEY P start P cloudCover)psi(disturb500 P und P water),16.76,0,11,359.67,0,0
p(SURVEY P start P cloudCover)psi(und P water P height100),16.77,0,11,359.67,0,0
p(SURVEY P observer1 P start P cloudCover)psi(disturb500 P und P water P height100),16.82,0,14,353,0,0
p(SURVEY P start P cloudCover)psi(disturb500 P water P height100 P distRoad),16.98,0,12,357.66,0,0
p(SURVEY P observer1 P start P cloudCover)psi(disturb500 P und P height100 P distRoad),17.32,0,14,353.5,0,0
p(SURVEY P start P cloudCover)psi(disturb500 P und P water P distRoad),17.44,0,12,358.13,5.95,0
p(SURVEY P start P cloudCover)psi(und P water P height100 P distRoad),17.46,0,12,358.15,0,0
p(SURVEY P observer1 P start P cloudCover)psi(disturb500 P und P water P distRoad),17.5,0,14,353.68,0,0
p(SURVEY P start P cloudCover)psi(disturb500 P und P water P height100),17.83,0,12,358.52,5.89,0
p(SURVEY P observer1 P start P cloudCover)psi(disturb500 P und P water P height100 P distRoad),18.42,0,15,352.32,0,0
p(SURVEY P start P cloudCover)psi(disturb500 P und P height100 P distRoad),18.96,0,12,359.65,0,0
p(SURVEY P start P cloudCover)psi(disturb500 P und P water P height100 P distRoad),20.18,0,13,358.62,0,0
