surveyLocation,point,observer1,observer2,date,start,cloudCover,weather,recorder,recordingfile,photoFileOriginal,photoFileEdited,editor,species,detectionType,total,estimate,distance,callTime,comment,entered,proofed,occasion
Tauk,TTA1-1,Indah,Rikardus,2017-09-28,05:30,40,cerah,YPI Recorder,170928-000.wav,IMG_20170930_141020.jpg,IMG_20180423_104747.jpg,Indah,Buceros rhinoceros,A,6,0,3,02:28,"",Indah,,1
Tauk,TTA1-1,Indah,Rikardus,2017-09-28,05:30,40,cerah,YPI Recorder,170928-000.wav,IMG_20170930_141020.jpg,IMG_20180423_104747.jpg,Indah,Buceros rhinoceros,A,6,0,3,02:28,"",Indah,,1
Tauk,TTA1-2,Indah,Rikardus,2017-09-28,06:00,0,cerah,YPI Recorder,170928-001.wav,IMG_20170930_141025.jpg,IMG_20180423_104735.jpg,Indah,Buceros rhinoceros,A,2,0,5,"","",Indah,,1
Tauk,TTA1-2,Indah,Rikardus,2017-09-28,06:00,0,cerah,YPI Recorder,170928-001.wav,IMG_20170930_141025.jpg,IMG_20180423_104735.jpg,Indah,Buceros rhinoceros,A,2,0,5,"","",Indah,,1
Tauk,TTA1-5,Indah,Rikardus,2017-09-28,08:05,0,cerah,YPI Recorder,170928-004.wav,IMG_20170930_141103.jpg,IMG_20180423_104652.jpg,Indah,Anorrhinus galeritus,A,7,1,5,00:53,"",Indah,,1
Tauk,TTA1-5,Indah,Rikardus,2017-09-28,08:05,0,cerah,YPI Recorder,170928-004.wav,IMG_20170930_141103.jpg,IMG_20180423_104652.jpg,Indah,Anorrhinus galeritus,A,7,1,5,00:53,"",Indah,,1
Tauk,TTA1-6,Indah,Rikardus,2017-09-28,08:40,0,cerah,YPI Recorder,170928-005.wav,IMG_20170930_141054.jpg,IMG_20180423_104640.jpg,Indah,Anorrhinus galeritus,F,2,0,5,00:17,"",Indah,,1
Tauk,TTA1-6,Indah,Rikardus,2017-09-28,08:40,0,cerah,YPI Recorder,170928-005.wav,IMG_20170930_141054.jpg,IMG_20180423_104640.jpg,Indah,Anorrhinus galeritus,F,2,0,5,00:17,"",Indah,,1
Tauk,TTA1-7,Indah,Rikardus,2017-09-28,09:17,0,cerah,YPI Recorder,170928-006.wav,IMG_20170930_141116.jpg,IMG_20180423_104630.jpg,Indah,Buceros rhinoceros,A,1,0,2,03:21,"",Indah,,1
Tauk,TTA1-7,Indah,Rikardus,2017-09-28,09:17,0,cerah,YPI Recorder,170928-006.wav,IMG_20170930_141116.jpg,IMG_20180423_104630.jpg,Indah,Buceros rhinoceros,A,1,0,2,03:21,"",Indah,,1
Tauk,TTA2-2,Indah,Rikardus,2017-09-29,06:25,30,Cerah,YPI Recorder,170929-002.wav,IMG_20170930_141642.jpg,IMG_20180423_104600.jpg,Indah,Rhinoplax vigil,A,2,0,5,02:36,"",Indah,,1
Tauk,TTA2-2,Indah,Rikardus,2017-09-29,06:25,30,Cerah,YPI Recorder,170929-002.wav,IMG_20170930_141642.jpg,IMG_20180423_104600.jpg,Indah,Anorrhinus galeritus,A,4,1,5,05:56,"",Indah,,1
Tauk,TTA2-2,Indah,Rikardus,2017-09-29,06:25,30,Cerah,YPI Recorder,170929-002.wav,IMG_20170930_141642.jpg,IMG_20180423_104600.jpg,Indah,Rhinoplax vigil,A,2,0,5,02:36,"",Indah,,1
Tauk,TTA2-2,Indah,Rikardus,2017-09-29,06:25,30,Cerah,YPI Recorder,170929-002.wav,IMG_20170930_141642.jpg,IMG_20180423_104600.jpg,Indah,Anorrhinus galeritus,A,4,1,5,05:56,"",Indah,,1
Tauk,TTA2-4,Indah,Rikardus,2017-09-29,08:15,30,Cerah berawan,YPI Recorder,170929-004.wav,IMG_20170930_141623.jpg,IMG_20180423_104535.jpg,Indah,Rhyticeros undulatus,F,6,0,4,"","",Indah,,1
Tauk,TTA2-4,Indah,Rikardus,2017-09-29,08:15,30,Cerah berawan,YPI Recorder,170929-004.wav,IMG_20170930_141623.jpg,IMG_20180423_104535.jpg,Indah,Rhyticeros undulatus,F,6,0,4,"","",Indah,,1
Tauk,TTA2-5,Indah,Rikardus,2017-09-29,09:08,20,Cerah berawan,YPI Recorder,170929-005.wav,IMG_20170930_141651.jpg,IMG_20180423_104524.jpg,Indah,Rhinoplax vigil,A,1,0,5,"",Telat catat waktu,Indah,,1
Tauk,TTA2-5,Indah,Rikardus,2017-09-29,09:08,20,Cerah berawan,YPI Recorder,170929-005.wav,IMG_20170930_141651.jpg,IMG_20180423_104524.jpg,Indah,Rhinoplax vigil,A,1,0,5,"",Telat catat waktu,Indah,,1
Tauk,TTA2-6,Indah,Rikardus,2017-09-29,09:50,10,Cerah,YPI Recorder,170929-006.wav,IMG_20170930_141701.jpg,IMG_20180423_104512.jpg,Indah,Rhyticeros undulatus,A,3,0,2,05:40,"",Indah,,1
Tauk,TTA2-6,Indah,Rikardus,2017-09-29,09:50,10,Cerah,YPI Recorder,170929-006.wav,IMG_20170930_141701.jpg,IMG_20180423_104512.jpg,Indah,Buceros rhinoceros,A,2,0,5,07:40,"",Indah,,1
Tauk,TTA2-6,Indah,Rikardus,2017-09-29,09:50,10,Cerah,YPI Recorder,170929-006.wav,IMG_20170930_141701.jpg,IMG_20180423_104512.jpg,Indah,Rhyticeros undulatus,A,3,0,2,05:40,"",Indah,,1
Tauk,TTA2-6,Indah,Rikardus,2017-09-29,09:50,10,Cerah,YPI Recorder,170929-006.wav,IMG_20170930_141701.jpg,IMG_20180423_104512.jpg,Indah,Buceros rhinoceros,A,2,0,5,07:40,"",Indah,,1
Tauk,TTA3-1,Indah,Rikardus,2017-09-30,06:10,0,Cerah berawan,YPI Recorder,170930-000.wav,IMG_20170930_140312.jpg,IMG_20180423_10504.jpg,Indah,Rhyticeros undulatus,F,1,0,5,05:16,"",Indah,,1
Tauk,TTA3-1,Indah,Rikardus,2017-09-30,06:10,0,Cerah berawan,YPI Recorder,170930-000.wav,IMG_20170930_140312.jpg,IMG_20180423_10504.jpg,Indah,Copsychus malabaricus,A,3,0,3,05:35,"",Indah,,1
Tauk,TTA3-1,Indah,Rikardus,2017-09-30,06:10,0,Cerah berawan,YPI Recorder,170930-000.wav,IMG_20170930_140312.jpg,IMG_20180423_10504.jpg,Indah,Rhyticeros undulatus,F,1,0,5,05:16,"",Indah,,1
Tauk,TTA3-1,Indah,Rikardus,2017-09-30,06:10,0,Cerah berawan,YPI Recorder,170930-000.wav,IMG_20170930_140312.jpg,IMG_20180423_10504.jpg,Indah,Copsychus malabaricus,A,3,0,3,05:35,"",Indah,,1
Tauk,TTA3-2,Indah,Rikardus,2017-09-30,06:45,20,Cerah,YPI Recorder,170930-001.wav,IMG_20170930_140335.jpg,IMG_20180423_104449.jpg,Indah,Rhinoplax vigil,A,3,1,5,04:39,"",Indah,,1
Tauk,TTA3-2,Indah,Rikardus,2017-09-30,06:45,20,Cerah,YPI Recorder,170930-001.wav,IMG_20170930_140335.jpg,IMG_20180423_104449.jpg,Indah,Rhinoplax vigil,A,3,1,5,04:39,"",Indah,,1
Tauk,TTA3-3,Indah,Rikardus,2017-09-30,07:15,20,Cerah,YPI Recorder,170930-002.wav,IMG_20170930_140410.jpg,IMG_20180423_104441.jpg,Indah,Buceros rhinoceros,A,3,0,5,01:23,"",Indah,,1
Tauk,TTA3-3,Indah,Rikardus,2017-09-30,07:15,20,Cerah,YPI Recorder,170930-002.wav,IMG_20170930_140410.jpg,IMG_20180423_104441.jpg,Indah,Rhinoplax vigil,A,2,0,5,08:05,"",Indah,,1
Tauk,TTA3-3,Indah,Rikardus,2017-09-30,07:15,20,Cerah,YPI Recorder,170930-002.wav,IMG_20170930_140410.jpg,IMG_20180423_104441.jpg,Indah,Buceros rhinoceros,A,3,0,5,01:23,"",Indah,,1
Tauk,TTA3-3,Indah,Rikardus,2017-09-30,07:15,20,Cerah,YPI Recorder,170930-002.wav,IMG_20170930_140410.jpg,IMG_20180423_104441.jpg,Indah,Rhinoplax vigil,A,2,0,5,08:05,"",Indah,,1
Tauk,TTA3-4,Indah,Rikardus,2017-09-30,07:50,20,Cerah,YPI Recorder,170930-003.wav,IMG_20170930_140357.jpg,IMG_20180423_104419.jpg,Indah,Rhinoplax vigil,A,2,1,5,00:15,"",Indah,,1
Tauk,TTA3-4,Indah,Rikardus,2017-09-30,07:50,20,Cerah,YPI Recorder,170930-003.wav,IMG_20170930_140357.jpg,IMG_20180423_104419.jpg,Indah,Copsychus malabaricus,A,1,0,3,05:50,"",Indah,,1
Tauk,TTA3-4,Indah,Rikardus,2017-09-30,07:50,20,Cerah,YPI Recorder,170930-003.wav,IMG_20170930_140357.jpg,IMG_20180423_104419.jpg,Indah,Rhinoplax vigil,A,2,1,5,00:15,"",Indah,,1
Tauk,TTA3-4,Indah,Rikardus,2017-09-30,07:50,20,Cerah,YPI Recorder,170930-003.wav,IMG_20170930_140357.jpg,IMG_20180423_104419.jpg,Indah,Copsychus malabaricus,A,1,0,3,05:50,"",Indah,,1
Tauk,TTA3-5,Indah,Rikardus,2017-09-30,08:30,20,Cerah,YPI Recorder,170930-004.wav,IMG_20170930_140438.jpg,IMG_20180423_104411.jpg,Indah,Rhinoplax vigil,A,2,0,5,00:05,"",Indah,,1
Tauk,TTA3-5,Indah,Rikardus,2017-09-30,08:30,20,Cerah,YPI Recorder,170930-004.wav,IMG_20170930_140438.jpg,IMG_20180423_104411.jpg,Indah,Rhyticeros undulatus,A,2,0,5,04:12,"",Indah,,1
Tauk,TTA3-5,Indah,Rikardus,2017-09-30,08:30,20,Cerah,YPI Recorder,170930-004.wav,IMG_20170930_140438.jpg,IMG_20180423_104411.jpg,Indah,Anorrhinus galeritus,A,8,1,5,05:10,"",Indah,,1
Tauk,TTA3-5,Indah,Rikardus,2017-09-30,08:30,20,Cerah,YPI Recorder,170930-004.wav,IMG_20170930_140438.jpg,IMG_20180423_104411.jpg,Indah,Rhinoplax vigil,A,2,0,5,00:05,"",Indah,,1
Tauk,TTA3-5,Indah,Rikardus,2017-09-30,08:30,20,Cerah,YPI Recorder,170930-004.wav,IMG_20170930_140438.jpg,IMG_20180423_104411.jpg,Indah,Rhyticeros undulatus,A,2,0,5,04:12,"",Indah,,1
Tauk,TTA3-5,Indah,Rikardus,2017-09-30,08:30,20,Cerah,YPI Recorder,170930-004.wav,IMG_20170930_140438.jpg,IMG_20180423_104411.jpg,Indah,Anorrhinus galeritus,A,8,1,5,05:10,"",Indah,,1
Tauk,TTA5-4,Indah,Rikardus,2017-10-03,06:53,10,Cerah,YPI Recorder,171003-003.wav,IMG_20171006_160845.jpg,IMG_20180423_104211.jpg,Indah,Buceros rhinoceros,A,2,0,5,00:05,"",Indah,,1
Tauk,TTA5-4,Indah,Rikardus,2017-10-03,06:53,10,Cerah,YPI Recorder,171003-003.wav,IMG_20171006_160845.jpg,IMG_20180423_104211.jpg,Indah,Rhinoplax vigil,A,2,0,5,01:38,"",Indah,,1
Tauk,TTA5-4,Indah,Rikardus,2017-10-03,06:53,10,Cerah,YPI Recorder,171003-003.wav,IMG_20171006_160845.jpg,IMG_20180423_104211.jpg,Indah,Copsychus malabaricus,A,2,0,3,01:43,"",Indah,,1
Tauk,TTA5-4,Indah,Rikardus,2017-10-03,06:53,10,Cerah,YPI Recorder,171003-003.wav,IMG_20171006_160845.jpg,IMG_20180423_104211.jpg,Indah,Buceros rhinoceros,A,2,0,5,00:05,"",Indah,,1
Tauk,TTA5-4,Indah,Rikardus,2017-10-03,06:53,10,Cerah,YPI Recorder,171003-003.wav,IMG_20171006_160845.jpg,IMG_20180423_104211.jpg,Indah,Rhinoplax vigil,A,2,0,5,01:38,"",Indah,,1
Tauk,TTA5-4,Indah,Rikardus,2017-10-03,06:53,10,Cerah,YPI Recorder,171003-003.wav,IMG_20171006_160845.jpg,IMG_20180423_104211.jpg,Indah,Copsychus malabaricus,A,2,0,3,01:43,"",Indah,,1
Tauk,TTA5-5,Indah,Rikardus,2017-10-03,07:25,0,Cerah,YPI Recorder,171003-004.wav,IMG_20171006_160811.jpg,IMG_20180423_104148.jpg,Indah,Buceros rhinoceros,A,3,0,5,04:51,"",Indah,,1
Tauk,TTA5-5,Indah,Rikardus,2017-10-03,07:25,0,Cerah,YPI Recorder,171003-004.wav,IMG_20171006_160811.jpg,IMG_20180423_104148.jpg,Indah,Buceros rhinoceros,A,3,0,5,04:51,"",Indah,,1
Tauk,TTA5-6,Indah,Rikardus,2017-10-03,08:10,0,Cerah,YPI Recorder,171003-005.wav,IMG_20171006_161757.jpg,IMG_20180423_104130.jpg,Indah,Rhinoplax vigil,A,2,0,5,01:41,"",Indah,,1
Tauk,TTA5-6,Indah,Rikardus,2017-10-03,08:10,0,Cerah,YPI Recorder,171003-005.wav,IMG_20171006_161757.jpg,IMG_20180423_104130.jpg,Indah,Rhinoplax vigil,A,2,0,5,01:41,"",Indah,,1
Tauk,TTA5-7,Indah,Rikardus,2017-10-03,08:50,0,Cerah,YPI Recorder,171003-006.wav,IMG_20171006_161740.jpg,IMG_20180423_104118.jpg,Indah,Rhinoplax vigil,A,1,0,5,01:03,"",Indah,,1
Tauk,TTA5-7,Indah,Rikardus,2017-10-03,08:50,0,Cerah,YPI Recorder,171003-006.wav,IMG_20171006_161740.jpg,IMG_20180423_104118.jpg,Indah,Rhinoplax vigil,A,1,0,5,01:03,"",Indah,,1
Tauk,TTA5-8,Indah,Rikardus,2017-10-03,09:30,0,Cerah,YPI Recorder,171003-007.wav,IMG_20171006_161717.jpg,IMG_20180423_104103.jpg,Indah,Buceros rhinoceros,A,2,0,5,01:13,"",Indah,,1
Tauk,TTA5-8,Indah,Rikardus,2017-10-03,09:30,0,Cerah,YPI Recorder,171003-007.wav,IMG_20171006_161717.jpg,IMG_20180423_104103.jpg,Indah,Anorrhinus galeritus,A,3,1,5,04:02,"",Indah,,1
Tauk,TTA5-8,Indah,Rikardus,2017-10-03,09:30,0,Cerah,YPI Recorder,171003-007.wav,IMG_20171006_161717.jpg,IMG_20180423_104103.jpg,Indah,Rhinoplax vigil,A,1,0,5,08:14,"",Indah,,1
Tauk,TTA5-8,Indah,Rikardus,2017-10-03,09:30,0,Cerah,YPI Recorder,171003-007.wav,IMG_20171006_161717.jpg,IMG_20180423_104103.jpg,Indah,Buceros rhinoceros,A,2,0,5,01:13,"",Indah,,1
Tauk,TTA5-8,Indah,Rikardus,2017-10-03,09:30,0,Cerah,YPI Recorder,171003-007.wav,IMG_20171006_161717.jpg,IMG_20180423_104103.jpg,Indah,Anorrhinus galeritus,A,3,1,5,04:02,"",Indah,,1
Tauk,TTA5-8,Indah,Rikardus,2017-10-03,09:30,0,Cerah,YPI Recorder,171003-007.wav,IMG_20171006_161717.jpg,IMG_20180423_104103.jpg,Indah,Rhinoplax vigil,A,1,0,5,08:14,"",Indah,,1
Tauk,TTA6-2,Indah,Rikardus,2017-10-04,06:15,80,Mendung berkabut,YPI Recorder,171004-001.wav,IMG_20171006_161651.jpg,IMG_20180423_104021.jpg,Indah,Chloropsis sonnerati,A,3,0,4,00:07,"",Indah,,1
Tauk,TTA6-2,Indah,Rikardus,2017-10-04,06:15,80,Mendung berkabut,YPI Recorder,171004-001.wav,IMG_20171006_161651.jpg,IMG_20180423_104021.jpg,Indah,Chloropsis sonnerati,A,3,0,4,00:07,"",Indah,,1
Tauk,TTA6-9,Indah,Rikardus,2017-10-04,09:15,10,Cerah,YPI Recorder,171004-008.wav,IMG_20171006_161412.jpg,IMG_20180423_103905.jpg,Indah,Anorrhinus galeritus,F,3,0,2,05:03,"",Indah,,1
Tauk,TTA6-9,Indah,Rikardus,2017-10-04,09:15,10,Cerah,YPI Recorder,171004-008.wav,IMG_20171006_161412.jpg,IMG_20180423_103905.jpg,Indah,Anorrhinus galeritus,F,3,0,2,05:03,"",Indah,,1
Tauk,TTA7-3,Indah,Rikardus,2017-10-05,06:27,25,Cerah,YPI Recorder,171005-002.wav,IMG_20171006_161136.jpg,IMG_20180423_103607.jpg,Indah,Copsychus malabaricus,A,1,0,2,02:05,"",Indah,,1
Tauk,TTA7-5,Indah,Rikardus,2017-10-05,07:20,40,mendung,YPI Recorder,171005-004.wav,IMG_20171006_161041.jpg,IMG_20180423_103529.jpg,Indah,Anthracoceros malayanus,A,1,0,5,09:38,"",Indah,,1
Tauk,TTA7-6,Indah,Rikardus,2017-10-05,07:45,20,Cerah,YPI Recorder,171005-005.wav,IMG_20171006_161023.jpg,IMG_20180423_103521.jpg,Indah,Anthracoceros malayanus,A,2,0,4,05:18,"",Indah,,1
Tauk,TTA7-8,Indah,Rikardus,2017-10-05,08:37,0,Cerah,YPI Recorder,171005-007.wav,IMG_20171006_161001.jpg,IMG_20180423_103501.jpg,Indah,Anthracoceros malayanus,A,2,0,5,00:32,"",Indah,,1
Tauk,TTB1-1,Katie,Oka,2017-09-28,05:53,70,overcast and dry,Cornell,R26_0166_1.WAV,IMG_20170930_141216.jpg,IMG_20180406_155612.jpg,KSL,Buceros rhinoceros,A,2,0,1,"","",KSL,,1
Tauk,TTB1-2,Katie,Oka,2017-09-28,06:45,50,hazy in lowlands- dry,Cornell,R26_0167_1.WAV,IMG_20170930_141205.jpg,IMG_20180406_155642.jpg,KSL,Buceros rhinoceros,A,1,0,4,"","",KSL,,1
Tauk,TTB1-3,Katie,Oka,2017-09-28,07:58,20,"clear, hazy in valley",Cornell,R26_0168_1.WAV,IMG_20170930_141234.jpg,IMG_20180406_155718.jpg,KSL,Anorrhinus galeritus,A,3,1,3,"","",KSL,,1
Tauk,TTB2-1,Katie,Oka,2017-09-29,05:32,0,"humid but clear, early",Cornell,R26_0171_1.WAV,IMG_20170930_141445.jpg,IMG_20180410_102938.jpg,KSL,Anorrhinus galeritus,A,2,1,2,03:39,"",KSL,,1
Tauk,TTB2-3,Katie,Oka,2017-09-29,06:55,100,cloudy and slightly drippy,Cornell,R26_0173_1.WAV,IMG_20170930_141426.jpg,IMG_20180410_103028.jpg,KSL,Berenicornis comatus,A,1,0,2,"","",KSL,,1
Tauk,TTB2-3,Katie,Oka,2017-09-29,06:55,100,cloudy and slightly drippy,Cornell,R26_0173_1.WAV,IMG_20170930_141426.jpg,IMG_20180410_103028.jpg,KSL,Copsychus malabaricus,A,1,0,1,"","",KSL,,1
Tauk,TTB2-4,Katie,Oka,2017-09-29,07:34,90,"thin clouds, humid",Cornell,R26_0174_1.WAV,IMG_20170930_141435.jpg,IMG_20180410_103038.jpg,KSL,Buceros rhinoceros,A,1,0,3,"","",KSL,,1
Tauk,TTB2-5,Katie,Oka,2017-09-29,08:03,100,"cloudy, humid, hot, drippy",Cornell,R26_0175_1.WAV,IMG_20170930_141414.jpg,IMG_20180410_103055.jpg,KSL,Buceros rhinoceros,A,1,0,1,00:01,"",KSL,,1
Tauk,TTB2-6,Katie,Oka,2017-09-29,08:34,100,cloudy and humid and hot,Cornell,R26_0176_1.WAV,IMG_20170930_141403.jpg,IMG_20180410_103104.jpg,KSL,Buceros rhinoceros,A,1,0,2,"","",KSL,,1
Tauk,TTB3-2,Katie,Oka,2017-09-30,06:30,100,cloudy but dry,Cornell,R26_0180_1.WAV,IMG_20170930_140751.jpg,IMG_20180411_140923.jpg,KSL,Rhinoplax vigil,A,1,0,3,04:10,"",KSL,,1
Tauk,TTB3-2,Katie,Oka,2017-09-30,06:30,100,cloudy but dry,Cornell,R26_0180_1.WAV,IMG_20170930_140751.jpg,IMG_20180411_140923.jpg,KSL,Copsychus malabaricus,A,1,0,2,05:45,"",KSL,,1
Tauk,TTB3-4,Katie,Oka,2017-09-30,07:47,80,"overcast, beginning to clear",Cornell,R26_0182_1.WAV,IMG_20170930_140829.jpg,IMG_20180411_140956.jpg,KSL,Buceros rhinoceros,A,1,0,3,"","",KSL,,1
Tauk,TTB3-4,Katie,Oka,2017-09-30,07:47,80,"overcast, beginning to clear",Cornell,R26_0182_1.WAV,IMG_20170930_140829.jpg,IMG_20180411_140956.jpg,KSL,Rhinoplax vigil,A,1,0,4,"","",KSL,,1
Tauk,TTB3-5,Katie,Oka,2017-09-30,08:28,50,beginning to be sunny,Cornell,R26_0183_1.WAV,IMG_20170930_140804.jpg,IMG_20180411_141013.jpg,KSL,Copsychus malabaricus,A,1,0,1,"","",KSL,,1
Tauk,TTB5-1,Katie,Oka,2017-10-03,05:30,50,"slightly foggy, appears clear",Cornell,R26_0193_1.WAV,IMG_20171006_164226.jpg,IMG_20180416_151727.jpg,KSL,Anorrhinus galeritus,V,3,0,1,"","",KSL,,1
Tauk,TTB5-1,Katie,Oka,2017-10-03,05:30,50,"slightly foggy, appears clear",Cornell,R26_0193_1.WAV,IMG_20171006_164226.jpg,IMG_20180416_151727.jpg,KSL,Rhinoplax vigil,A,1,0,4,"","",KSL,,1
Tauk,TTB5-10,Katie,Oka,2017-10-03,09:33,50,sunny,Cornell,R26_0202_1.WAV,IMG_20171006_164034.jpg,IMG_20180416_151927.jpg,KSL,Buceros rhinoceros,A,2,0,4,"","",KSL,,1
Tauk,TTB5-4,Katie,Oka,2017-10-03,06:45,30,clear and sunny,Cornell,R26_0196_1.WAV,IMG_20171006_164150.jpg,IMG_20180416_151815.jpg,KSL,Rhinoplax vigil,A,1,0,4,"","",KSL,,1
Tauk,TTB5-4,Katie,Oka,2017-10-03,06:45,30,clear and sunny,Cornell,R26_0196_1.WAV,IMG_20171006_164150.jpg,IMG_20180416_151815.jpg,KSL,Buceros rhinoceros,A,2,0,4,"","",KSL,,1
Tauk,TTB5-5,Katie,Oka,2017-10-03,07:11,60,"hazy, but sunny",Cornell,R26_0197_1.WAV,IMG_20171006_164133.jpg,IMG_20180416_151827.jpg,KSL,Rhinoplax vigil,A,2,0,4,"","",KSL,,1
Tauk,TTB5-6,Katie,Oka,2017-10-03,07:37,80,"clouds gathering, still bright",Cornell,R26_0198_1.WAV,IMG_20171006_164117.jpg,IMG_20180416_151836.jpg,KSL,Buceros rhinoceros,A,2,0,3,"","",KSL,,1
Tauk,TTB5-9,Katie,Oka,2017-10-03,08:59,10,clear and sunny,Cornell,R26_0201_1.WAV,IMG_20171006_164044.jpg,IMG_20180416_151917.jpg,KSL,Buceros rhinoceros,A,1,0,4,"","",KSL,,1
Tauk,TTB7-7,Katie,Oka,2017-10-05,08:49,100,cloudy but bright,Cornell,R26_0218_1.WAV,IMG_20171006_163549.jpg,IMG_20180419_135753.jpg,KSL,Anthracoceros malayanus,A,1,0,2,03:06,"",KSL,,1
Tauk,TTB8-1,Katie,Oka,2017-10-06,05:55,100,"cloudy, looks like it might rain soon",Cornell,R26_0221_1.WAV,IMG_20171006_165007.jpg,IMG_20180419_134911.jpg,KSL,Rhinoplax vigil,A,2,0,3,"","",KSL,,1
Tauk,TTB8-2,Katie,Oka,2017-10-06,06:35,90,sun peeking through clouds,Cornell,R26_0222_1.WAV,IMG_20171006_165021.jpg,IMG_20180419_134926.jpg,KSL,Copsychus malabaricus,A,1,0,1,00:29,"",KSL,,1
Tauk,TTB8-2,Katie,Oka,2017-10-06,06:35,90,sun peeking through clouds,Cornell,R26_0222_1.WAV,IMG_20171006_165021.jpg,IMG_20180419_134926.jpg,KSL,Rhinoplax vigil,A,1,0,4,"","",KSL,,1
Tauk,TTB8-3,Katie,Oka,2017-10-06,07:12,90,"thin clouds, fog. Sun peeking through",Cornell,R26_0223_1.WAV,IMG_20171006_165036.jpg,IMG_20180419_134944.jpg,KSL,Buceros rhinoceros,A,1,0,3,"",stream 3,KSL,,1
Tauk,TTB8-7,Katie,Oka,2017-10-06,09:05,70,"sunny, thin clouds",Cornell,R26_0227_1.WAV,IMG_20171006_165136.jpg,IMG_20180419_135037.jpg,KSL,Buceros rhinoceros,A,1,0,2,07:03,"",KSL,,1
Tauk,TTB8-7,Katie,Oka,2017-10-06,09:05,70,"sunny, thin clouds",Cornell,R26_0227_1.WAV,IMG_20171006_165136.jpg,IMG_20180419_135037.jpg,KSL,Copsychus malabaricus,A,1,0,2,07:24,"",KSL,,1
Tauk,TTA1-5,Indah,Rikardus,2017-11-05,07:45,70,mendung,YPI,171105-004.WAV,IMG_20171105_140757.jpg,IMG_20180425_144018_HDR.jpg,ISS,Anorrhinus galeritus,A,1,0,5,02:25,"",KSL,,2
Tauk,TTA1-5,Indah,Rikardus,2017-11-05,07:45,70,mendung,YPI,171105-004.WAV,IMG_20171105_140757.jpg,IMG_20180425_144018_HDR.jpg,ISS,Anorrhinus galeritus,A,1,0,5,02:25,"",KSL,,2
Tauk,TTA1-6,Indah,Rikardus,2017-11-05,08:20,50,cerah,YPI,171105-005.WAV,IMG_20171105_140806.jpg,IMG_20180425_144009_HDR.jpg,ISS,Buceros rhinoceros,A,3,1,5,00:50,"",KSL,,2
Tauk,TTA1-6,Indah,Rikardus,2017-11-05,08:20,50,cerah,YPI,171105-005.WAV,IMG_20171105_140806.jpg,IMG_20180425_144009_HDR.jpg,ISS,Anorrhinus galeritus,A,3,1,3,07:15,"",KSL,,2
Tauk,TTA1-6,Indah,Rikardus,2017-11-05,08:20,50,cerah,YPI,171105-005.WAV,IMG_20171105_140806.jpg,IMG_20180425_144009_HDR.jpg,ISS,Buceros rhinoceros,A,3,1,5,00:50,"",KSL,,2
Tauk,TTA1-6,Indah,Rikardus,2017-11-05,08:20,50,cerah,YPI,171105-005.WAV,IMG_20171105_140806.jpg,IMG_20180425_144009_HDR.jpg,ISS,Anorrhinus galeritus,A,3,1,3,07:15,"",KSL,,2
Tauk,TTA1-7,Indah,Rikardus,2017-11-05,08:57,30,cerah berawan,YPI,171105-006.WAV,IMG_20171105_140813.jpg,IMG_20180425_143957_HDR.jpg,ISS,Anorrhinus galeritus,A,3,1,5,01:40,"",KSL,,2
Tauk,TTA1-7,Indah,Rikardus,2017-11-05,08:57,30,cerah berawan,YPI,171105-006.WAV,IMG_20171105_140813.jpg,IMG_20180425_143957_HDR.jpg,ISS,Anorrhinus galeritus,A,3,1,5,01:40,"",KSL,,2
Tauk,TTA2-3,Indah,Rikardus,2017-11-04,06:50,20,cerah,YPI,171104-002.WAV,IMG_20171105_140648.jpg,IMG_20180425_143925_HDR.jpg,ISS,Anorrhinus galeritus,A,3,1,5,02:57,"",KSL,,2
Tauk,TTA2-3,Indah,Rikardus,2017-11-04,06:50,20,cerah,YPI,171104-002.WAV,IMG_20171105_140648.jpg,IMG_20180425_143925_HDR.jpg,ISS,Anorrhinus galeritus,A,3,1,5,02:57,"",KSL,,2
Tauk,TTA2-4,Indah,Rikardus,2017-11-04,07:25,20,cerah,YPI,171104-003.WAV,IMG_20171105_140655.jpg,IMG_20180425_142949_HDR.jpg,ISS,Anorrhinus galeritus,A,3,0,5,02:06,"",KSL,,2
Tauk,TTA2-4,Indah,Rikardus,2017-11-04,07:25,20,cerah,YPI,171104-003.WAV,IMG_20171105_140655.jpg,IMG_20180425_142949_HDR.jpg,ISS,Anorrhinus galeritus,A,3,0,5,02:06,"",KSL,,2
Tauk,TTA2-5,Indah,Rikardus,2017-11-04,08:11,40,mendung,YPI,171104-004.WAV,IMG_20171105_140702.jpg,IMG_20180425_142936_HDR.jpg,ISS,Buceros rhinoceros,A,1,0,5,03:20,"",KSL,,2
Tauk,TTA2-5,Indah,Rikardus,2017-11-04,08:11,40,mendung,YPI,171104-004.WAV,IMG_20171105_140702.jpg,IMG_20180425_142936_HDR.jpg,ISS,Copsychus malabaricus,A,1,0,4,04:17,"",KSL,,2
Tauk,TTA2-5,Indah,Rikardus,2017-11-04,08:11,40,mendung,YPI,171104-004.WAV,IMG_20171105_140702.jpg,IMG_20180425_142936_HDR.jpg,ISS,Anthracoceros albirostris,A,,,,09:56,"",KSL,,2
Tauk,TTA2-5,Indah,Rikardus,2017-11-04,08:11,40,mendung,YPI,171104-004.WAV,IMG_20171105_140702.jpg,IMG_20180425_142936_HDR.jpg,ISS,Buceros rhinoceros,A,1,0,5,03:20,"",KSL,,2
Tauk,TTA2-5,Indah,Rikardus,2017-11-04,08:11,40,mendung,YPI,171104-004.WAV,IMG_20171105_140702.jpg,IMG_20180425_142936_HDR.jpg,ISS,Copsychus malabaricus,A,1,0,4,04:17,"",KSL,,2
Tauk,TTA2-5,Indah,Rikardus,2017-11-04,08:11,40,mendung,YPI,171104-004.WAV,IMG_20171105_140702.jpg,IMG_20180425_142936_HDR.jpg,ISS,Anthracoceros albirostris,A,,,,09:56,"",KSL,,2
Tauk,TTA2-6,Indah,Rikardus,2017-11-04,09:05,20,cerah,YPI,171104-005.WAV,IMG_20171105_140710.jpg,IMG_20180425_142926_HDR.jpg,ISS,Buceros rhinoceros,A,1,0,5,05:07,"",KSL,,2
Tauk,TTA2-6,Indah,Rikardus,2017-11-04,09:05,20,cerah,YPI,171104-005.WAV,IMG_20171105_140710.jpg,IMG_20180425_142926_HDR.jpg,ISS,Buceros rhinoceros,A,1,0,5,05:07,"",KSL,,2
Tauk,TTA3-1,Indah,Rikardus,2017-11-06,05:30,20,cerah,YPI,171106-000.WAV,IMG_20171106_131035.jpg,IMG_20180425_142917_HDR.jpg,ISS,Rhinoplax vigil,A,1,0,,08:46,"",KSL,,2
Tauk,TTA3-1,Indah,Rikardus,2017-11-06,05:30,20,cerah,YPI,171106-000.WAV,IMG_20171106_131035.jpg,IMG_20180425_142917_HDR.jpg,ISS,Rhinoplax vigil,A,1,0,,08:46,"",KSL,,2
Tauk,TTA3-2,Indah,Rikardus,2017-11-06,06:04,20,cerah,YPI,171106-001.WAV,IMG_20171106_131049.jpg,IMG_20180425_142853_HDR.jpg,ISS,Chloropsis sonnerati,A,1,0,2,01:25,"",KSL,,2
Tauk,TTA3-2,Indah,Rikardus,2017-11-06,06:04,20,cerah,YPI,171106-001.WAV,IMG_20171106_131049.jpg,IMG_20180425_142853_HDR.jpg,ISS,Rhyticeros undulatus,F,1,0,4,03:55,"",KSL,,2
Tauk,TTA3-2,Indah,Rikardus,2017-11-06,06:04,20,cerah,YPI,171106-001.WAV,IMG_20171106_131049.jpg,IMG_20180425_142853_HDR.jpg,ISS,Chloropsis sonnerati,A,1,0,2,01:25,"",KSL,,2
Tauk,TTA3-2,Indah,Rikardus,2017-11-06,06:04,20,cerah,YPI,171106-001.WAV,IMG_20171106_131049.jpg,IMG_20180425_142853_HDR.jpg,ISS,Rhyticeros undulatus,F,1,0,4,03:55,"",KSL,,2
Tauk,TTA3-4,Indah,Rikardus,2017-11-06,07:10,10,cerah,YPI,171106-003.WAV,IMG_20171106_131109.jpg,IMG_20180425_142804_HDR.jpg,ISS,Anorrhinus galeritus,A,1,0,5,09:57,"",KSL,,2
Tauk,TTA3-4,Indah,Rikardus,2017-11-06,07:10,10,cerah,YPI,171106-003.WAV,IMG_20171106_131109.jpg,IMG_20180425_142804_HDR.jpg,ISS,Anorrhinus galeritus,A,1,0,5,09:57,"",KSL,,2
Tauk,TTA3-5,Indah,Rikardus,2017-11-06,07:40,0,"cerah, matahari bersinar",YPI,171106-004.WAV,IMG_20171106_131117.jpg,IMG_20180425_142728.jpg,ISS,Copsychus malabaricus,A,1,0,2,00:52,"",KSL,,2
Tauk,TTA3-5,Indah,Rikardus,2017-11-06,07:40,0,"cerah, matahari bersinar",YPI,171106-004.WAV,IMG_20171106_131117.jpg,IMG_20180425_142728.jpg,ISS,Copsychus malabaricus,A,1,0,2,00:52,"",KSL,,2
Tauk,TTA3-6,Indah,Rikardus,2017-11-06,08:30,0,cerah,YPI,171106-006.WAV,IMG_20171106_131130.jpg,IMG_20181005_164116.jpg,ISS,Buceros rhinoceros,A,4,0,5,01:34,"",KSL,,2
Tauk,TTA3-6,Indah,Rikardus,2017-11-06,08:30,0,cerah,YPI,171106-006.WAV,IMG_20171106_131130.jpg,IMG_20181005_164116.jpg,ISS,Buceros rhinoceros,A,4,0,5,01:34,"",KSL,,2
Tauk,TTA5-5,Indah,Rikardus,2017-11-10,07:35,70,cerah,YPI,171110-005.WAV,IMG_20171111_130145.jpg,IMG_20180604_140434.jpg,ISS,Copsychus malabaricus,A,1,0,3,00:11,"",KSL,,2
Tauk,TTA5-5,Indah,Rikardus,2017-11-10,07:35,70,cerah,YPI,171110-005.WAV,IMG_20171111_130145.jpg,IMG_20180604_140434.jpg,ISS,Copsychus malabaricus,A,1,0,3,00:11,"",KSL,,2
Tauk,TTA6-2,Indah,Rikardus,2017-11-11,05:57,40,akan cerah,YPI,171111-001.wav,IMG_20171111_131517.jpg,IMG_20180521_165108.jpg,ISS,Copsychus malabaricus,A,1,0,4,09:37,"",KSL,,2
Tauk,TTA6-2,Indah,Rikardus,2017-11-11,05:57,40,akan cerah,YPI,171111-001.wav,IMG_20171111_131517.jpg,IMG_20180521_165108.jpg,ISS,Copsychus malabaricus,A,1,0,4,09:37,"",KSL,,2
Tauk,TTA6-6,Indah,Rikardus,2017-11-11,07:45,10,cerah,YPI,171111-005.wav,IMG_20171111_131544.jpg,IMG_20180521_164450.jpg,ISS,Rhyticeros undulatus,F,2,0,3,06:15,"",KSL,,2
Tauk,TTA6-6,Indah,Rikardus,2017-11-11,07:45,10,cerah,YPI,171111-005.wav,IMG_20171111_131544.jpg,IMG_20180521_164450.jpg,ISS,Rhyticeros undulatus,F,2,0,3,06:15,"",KSL,,2
Tauk,TTA6-9,Indah,Rikardus,2017-11-11,09:00,0,cerah,YPI,171111-008.wav,IMG_20171111_131606.jpg,IMG_20180521_164641.jpg,ISS,Anthracoceros malayanus,A,1,0,4,00:22,"",KSL,,2
Tauk,TTA6-9,Indah,Rikardus,2017-11-11,09:00,0,cerah,YPI,171111-008.wav,IMG_20171111_131606.jpg,IMG_20180521_164641.jpg,ISS,Anthracoceros malayanus,A,1,0,4,00:22,"",KSL,,2
Tauk,TTA7-2,Indah,Rikardus,2017-11-09,06:05,60,cerah bercabut,YPI,171109-001.wav,IMG_20171111_125200.jpg,IMG_20180522_141904.jpg,ISS,Anthracoceros malayanus,A,1,0,4,00:04,"",KSL,,2
Tauk,TTA7-3,Indah,Rikardus,2017-11-09,06:27,50,cerah berkabut,YPI,171109-002.wav,IMG_20171111_125207.jpg,IMG_20180522_141915.jpg,ISS,Anthracoceros malayanus,A,3,1,3,06:30,"",KSL,,2
Tauk,TTA7-4,Indah,Rikardus,2017-11-09,06:50,30,cerah,YPI,171109-003.wav,IMG_20171111_125214.jpg,IMG_20180522_141959.jpg,ISS,Anthracoceros malayanus,A,2,0,5,00:07,"",KSL,,2
Tauk,TTA7-5,Indah,Rikardus,2017-11-09,07:15,20,cerah,YPI,171109-004.wav,IMG_20171111_125222.jpg,IMG_20180522_142009.jpg,ISS,Anthracoceros malayanus,A,2,0,5,00:39,"",KSL,,2
Tauk,TTA7-9,Indah,Rikardus,2017-11-09,08:56,50,mendung,YPI,171109-008.wav,IMG_20171111_125253.jpg,IMG_20180522_142057.jpg,ISS,Rhyticeros undulatus,V,1,0,4,03:01,"",KSL,,2
Tauk,TTB1-1,Katie,Oka,2017-11-04,05:31,100,overcast,Cornell,R26_0229_1.WAV,IMG_20171105_135506.jpg,IMG_20180420_153534.jpg,KSL,Rhyticeros undulatus,A,1,0,2,08:51,"",KSL,,2
Tauk,TTB1-2,Katie,Oka,2017-11-04,06:21,100,overcast but dry,Cornell,R26_0230_1.WAV,IMG_20171105_135521.jpg,IMG_20180420_153550.jpg,KSL,Buceros rhinoceros,A,2,1,5,"","",KSL,,2
Tauk,TTB1-3,Katie,Oka,2017-11-04,07:25,100,"overcast but dry, foggy",Cornell,R26_0231_1.WAV,IMG_20171105_135533.jpg,IMG_20180420_153617.jpg,KSL,Anorrhinus galeritus,A,3,1,2,"","",KSL,,2
Tauk,TTB1-3,Katie,Oka,2017-11-04,07:25,100,"overcast but dry, foggy",Cornell,R26_0231_1.WAV,IMG_20171105_135533.jpg,IMG_20180420_153617.jpg,KSL,Rhyticeros undulatus,A,3,0,1,"","",KSL,,2
Tauk,TTB2-1,Katie,Oka,2017-11-05,05:45,100,cloudy but dry,Cornell,R26_0236_1.WAV,IMG_20171105_135637.jpg,IMG_20180423_160714.jpg,KSL,Anorrhinus galeritus,A,2,0,3,"","",KSL,,2
Tauk,TTB2-1,Katie,Oka,2017-11-05,05:45,100,cloudy but dry,Cornell,R26_0236_1.WAV,IMG_20171105_135637.jpg,IMG_20180423_160714.jpg,KSL,Rhyticeros undulatus,A,2,0,1,01:12,"",KSL,,2
Tauk,TTB2-3,Katie,Oka,2017-11-05,07:00,100,"cloudy, slightly drippy",Cornell,R26_0238_1.WAV,IMG_20171105_135719.jpg,IMG_20180423_160805.jpg,KSL,Chloropsis sonnerati,A,2,0,1,03:30,"",KSL,,2
Tauk,TTB2-4,Katie,Oka,2017-11-05,07:27,100,"overcast, humid",Cornell,R26_0239_1.WAV,IMG_20171105_135744.jpg,IMG_20180423_160824.jpg,KSL,Rhinoplax vigil,A,1,0,4,03:02,"",KSL,,2
Tauk,TTB2-4,Katie,Oka,2017-11-05,07:27,100,"overcast, humid",Cornell,R26_0239_1.WAV,IMG_20171105_135744.jpg,IMG_20180423_160824.jpg,KSL,Buceros rhinoceros,A,1,0,4,"","",KSL,,2
Tauk,TTB2-5,Katie,Oka,2017-11-05,07:51,100,cloudy and humid,Cornell,R26_0240_1.WAV,IMG_20171105_135807.jpg,IMG_20180423_160854.jpg,KSL,Rhinoplax vigil,A,1,0,4,"","",KSL,,2
Tauk,TTB2-6,Katie,Oka,2017-11-05,08:15,100,"cloudy, humid, hot",Cornell,R26_0241_1.WAV,IMG_20171105_135823.jpg,IMG_20180423_160913.jpg,KSL,Rhinoplax vigil,A,1,0,4,"","",KSL,,2
Tauk,TTB2-7,Katie,Oka,2017-11-05,08:42,100,"cloudy, humid",Cornell,R26_0242_1.WAV,IMG_20171105_135841.jpg,IMG_20180423_160941.jpg,KSL,Buceros rhinoceros,A,1,0,4,"","",KSL,,2
Tauk,TTB3-2,Katie,Oka,2017-11-06,06:03,40,clear and dry,Cornell,R26_0245_1.WAV,IMG_20171106_130608.jpg,IMG_20180424_150137.jpg,KSL,Rhyticeros undulatus,A,1,0,1,"","",KSL,,2
Tauk,TTB3-2,Katie,Oka,2017-11-06,06:03,40,clear and dry,Cornell,R26_0245_1.WAV,IMG_20171106_130608.jpg,IMG_20180424_150137.jpg,KSL,Rhinoplax vigil,A,1,0,4,06:01,"",KSL,,2
Tauk,TTB3-4,Katie,Oka,2017-11-06,07:13,40,clear and sunny,Cornell,R26_0247_1.WAV,IMG_20171106_130635.jpg,IMG_20180424_150202.jpg,KSL,Chloropsis sonnerati,A,1,0,2,00:10,"",KSL,,2
Tauk,TTB3-4,Katie,Oka,2017-11-06,07:13,40,clear and sunny,Cornell,R26_0247_1.WAV,IMG_20171106_130635.jpg,IMG_20180424_150202.jpg,KSL,Buceros rhinoceros,A,1,0,3,"","",KSL,,2
Tauk,TTB3-4,Katie,Oka,2017-11-06,07:13,40,clear and sunny,Cornell,R26_0247_1.WAV,IMG_20171106_130635.jpg,IMG_20180424_150202.jpg,KSL,Anorrhinus galeritus,A,1,0,4,"","",KSL,,2
Tauk,TTB3-4,Katie,Oka,2017-11-06,07:13,40,clear and sunny,Cornell,R26_0247_1.WAV,IMG_20171106_130635.jpg,IMG_20180424_150202.jpg,KSL,Rhyticeros undulatus,A,1,0,1,05:45,"",KSL,,2
Tauk,TTB3-5,Katie,Oka,2017-11-06,07:56,50,clear and sunny,Cornell,R26_0249_1.WAV,IMG_20171106_130650.jpg,IMG_20180424_150215.jpg,KSL,Buceros rhinoceros,A,1,0,4,"","",KSL,,2
Tauk,TTB3-6,Katie,Oka,2017-11-06,08:25,40,clear and sunny,Cornell,R26_0251_1.WAV,IMG_20171106_130659.jpg,IMG_20180424_150224.jpg,KSL,Buceros rhinoceros,A,1,0,3,"","",KSL,,2
Tauk,TTB3-6,Katie,Oka,2017-11-06,08:25,40,clear and sunny,Cornell,R26_0251_1.WAV,IMG_20171106_130659.jpg,IMG_20180424_150224.jpg,KSL,Rhinoplax vigil,A,1,0,4,"","",KSL,,2
Tauk,TTB4-2,Katie,Oka,2017-11-07,06:10,100,cloudy but not wet,Cornell,R26_0256_1.WAV,IMG_20171111_125651.jpg,IMG_20180504_152954.jpg,KSL,Rhinoplax vigil,A,1,0,3,05:26,"",KSL,,2
Tauk,TTB4-3,Katie,Oka,2017-11-07,06:44,100,overcast but sunny,Cornell,R26_0257_1.WAV,IMG_20171111_125659.jpg,IMG_20180425_151924.jpg,KSL,Copsychus malabaricus,A,1,0,2,00:30,"",KSL,,2
Tauk,TTB4-3,Katie,Oka,2017-11-07,06:44,100,overcast but sunny,Cornell,R26_0257_1.WAV,IMG_20171111_125659.jpg,IMG_20180425_151924.jpg,KSL,Rhinoplax vigil,A,2,0,3,00:57,"",KSL,,2
Tauk,TTB4-3,Katie,Oka,2017-11-07,06:44,100,overcast but sunny,Cornell,R26_0257_1.WAV,IMG_20171111_125659.jpg,IMG_20180425_151924.jpg,KSL,Buceros rhinoceros,A,4,0,4,"","",KSL,,2
Tauk,TTB5-1,Katie,Oka,2017-11-10,05:30,95,"overcast but thin clouds, drippy",Cornell,R26_0273_1.WAV,IMG_20171111_130741.jpg,IMG_20180427_143636.jpg,KSL,Buceros rhinoceros,A,1,0,3,"","",KSL,,2
Tauk,TTB5-1,Katie,Oka,2017-11-10,05:30,95,"overcast but thin clouds, drippy",Cornell,R26_0273_1.WAV,IMG_20171111_130741.jpg,IMG_20180427_143636.jpg,KSL,Chloropsis sonnerati,A,1,0,2,08:58,"",KSL,,2
Tauk,TTB5-10,Katie,Oka,2017-11-10,09:22,100,overcast and clouds thicker,Cornell,R26_0282_1.WAV,IMG_20171111_131002.jpg,IMG_20180427_143855.jpg,KSL,Rhyticeros undulatus,F,2,0,1,"","",KSL,,2
Tauk,TTB5-2,Katie,Oka,2017-11-10,05:55,80,"thin clouds, drippy",Cornell,R26_0274_1.WAV,IMG_20171111_130749.jpg,IMG_20180427_143651.jpg,KSL,Anthracoceros malayanus,A,1,0,2,08:40,"",KSL,,2
Tauk,TTB5-5,Katie,Oka,2017-11-10,07:09,50,"beginning to clear, not drippy",Cornell,R26_0277_1.WAV,IMG_20171111_130811.jpg,IMG_20180427_143738.jpg,KSL,Chloropsis sonnerati,A,1,0,2,07:40,"",KSL,,2
Tauk,TTB5-8,Katie,Oka,2017-11-10,08:24,100,overcast but dry,Cornell,R26_0280_1.WAV,IMG_20171111_130944.jpg,IMG_20180427_143829.jpg,KSL,Buceros rhinoceros,A,1,0,4,"","",KSL,,2
Tauk,TTB6-2,Katie,Oka,2017-11-12,06:03,100,cloudy and very slightly raining,Cornell,R26_0294_1.WAV,IMG_20171114_090928.jpg,IMG_20180430_145404.jpg,KSL,Berenicornis comatus,A,1,0,3,00:11,stream 1,KSL,,2
Tauk,TTB6-3,Katie,Oka,2017-11-12,06:32,100,cloudy; possibly slightly raining,Cornell,R26_0295_1.WAV,IMG_20171114_090941.jpg,IMG_20180504_153534.jpg,KSL,Anthracoceros malayanus,A,2,0,3,"",stream 2,KSL,,2
Tauk,TTB6-8,Katie,Oka,2017-11-12,08:39,100,gently raining,Cornell,R26_0300_1.WAV,IMG_20171114_091027.jpg,IMG_20180430_145506.jpg,KSL,Anthracoceros malayanus,A,1,0,3,"",Rain noise 1,KSL,,2
Tauk,TTB7-4,Katie,Oka,2017-11-09,07:12,100,high fog and drippy,Cornell,R26_0267_1.WAV,IMG_20171111_124652.jpg,IMG_20180502_150513.jpg,KSL,Anthracoceros malayanus,A,1,0,3,08:49,"",KSL,,2
Tauk,TTB8-4,Katie,Oka,2017-11-11,07:06,80,"thin clouds, sunny, windy",Cornell,R26_0287_1.WAV,IMG_20171111_131126.jpg,IMG_20180502_140648.jpg,KSL,Buceros rhinoceros,A,2,0,2,"","",KSL,,2
Tauk,TTB8-6,Katie,Oka,2017-11-11,08:01,90,"cloudy but sunny, gusty",Cornell,R26_0289_1.WAV,IMG_20171111_131141.jpg,IMG_20180502_140717.jpg,KSL,Copsychus malabaricus,A,1,0,2,09:30,"",KSL,,2
Tauk,TTB8-9,Katie,Oka,2017-11-11,09:19,70,"overcast, bright, sunny, windy",Cornell,R26_0292_1.WAV,IMG_20171111_131205.jpg,IMG_20180502_140756.jpg,KSL,Buceros rhinoceros,A,1,0,1,"","",KSL,,2
Tauk,TTA1-7,Katie,Oka,2017-12-14,08:53,40,"thin clouds, sunny",Cornell,R26_1035_1.WAV,IMG_20171214_105919.jpg,IMG_20180504_161801.jpg,KSL,Buceros rhinoceros,A,1,0,3,"","",KSL,,3
Tauk,TTA1-7,Katie,Oka,2017-12-14,08:53,40,"thin clouds, sunny",Cornell,R26_1035_1.WAV,IMG_20171214_105919.jpg,IMG_20180504_161801.jpg,KSL,Buceros rhinoceros,A,1,0,3,"","",KSL,,3
Tauk,TTA2-3,Katie,Oka,2017-12-15,06:52,10,"fog in valley, clear",Cornell,R26_1038_1.WAV,IMG_20171215_235417.jpg,IMG_20180504_160853.jpg,KSL,Anorrhinus galeritus,A,3,0,1,"",stream 1,KSL,,3
Tauk,TTA2-3,Katie,Oka,2017-12-15,06:52,10,"fog in valley, clear",Cornell,R26_1038_1.WAV,IMG_20171215_235417.jpg,IMG_20180504_160853.jpg,KSL,Anorrhinus galeritus,A,3,0,1,"",stream 1,KSL,,3
Tauk,TTA2-5,Katie,Oka,2017-12-15,07:59,0,clear and sunny,Cornell,R26_1040_1.WAV,IMG_20171215_235448.jpg,IMG_20180504_160919.jpg,KSL,Anorrhinus galeritus,A,2,0,3,"","",KSL,,3
Tauk,TTA2-5,Katie,Oka,2017-12-15,07:59,0,clear and sunny,Cornell,R26_1040_1.WAV,IMG_20171215_235448.jpg,IMG_20180504_160919.jpg,KSL,Buceros rhinoceros,A,2,0,3,"","",KSL,,3
Tauk,TTA2-5,Katie,Oka,2017-12-15,07:59,0,clear and sunny,Cornell,R26_1040_1.WAV,IMG_20171215_235448.jpg,IMG_20180504_160919.jpg,KSL,Anorrhinus galeritus,A,2,0,3,"","",KSL,,3
Tauk,TTA2-5,Katie,Oka,2017-12-15,07:59,0,clear and sunny,Cornell,R26_1040_1.WAV,IMG_20171215_235448.jpg,IMG_20180504_160919.jpg,KSL,Buceros rhinoceros,A,2,0,3,"","",KSL,,3
Tauk,TTA2-6,Katie,Oka,2017-12-15,08:41,0,clear and sunny,Cornell,R26_1041_1.WAV,IMG_20171215_235456.jpg,IMG_20180504_160930.jpg,KSL,Buceros rhinoceros,A,6,1,1,"","",KSL,,3
Tauk,TTA2-6,Katie,Oka,2017-12-15,08:41,0,clear and sunny,Cornell,R26_1041_1.WAV,IMG_20171215_235456.jpg,IMG_20180504_160930.jpg,KSL,Buceros rhinoceros,A,6,1,1,"","",KSL,,3
Tauk,TTA3-3,Katie,Oka,2017-12-13,06:29,100,"thick clouds, getting darker",Cornell,R26_1024_1.WAV,IMG_20171213_110634.jpg,IMG_20180514_150233.jpg,KSL,Rhinoplax vigil,A,1,0,5,"","",KSL,,3
Tauk,TTA3-3,Katie,Oka,2017-12-13,06:29,100,"thick clouds, getting darker",Cornell,R26_1024_1.WAV,IMG_20171213_110634.jpg,IMG_20180514_150233.jpg,KSL,Rhinoplax vigil,A,1,0,5,"","",KSL,,3
Tauk,TTA3-4,Katie,Oka,2017-12-13,06:56,100,"heavy, low clouds, slightly drippy",Cornell,R26_1025_1.WAV,IMG_20171213_110642.jpg,IMG_20180514_150249.jpg,KSL,Buceros rhinoceros,A,2,0,4,"","",KSL,,3
Tauk,TTA3-4,Katie,Oka,2017-12-13,06:56,100,"heavy, low clouds, slightly drippy",Cornell,R26_1025_1.WAV,IMG_20171213_110642.jpg,IMG_20180514_150249.jpg,KSL,Copsychus malabaricus,A,1,0,2,09:32,"",KSL,,3
Tauk,TTA3-4,Katie,Oka,2017-12-13,06:56,100,"heavy, low clouds, slightly drippy",Cornell,R26_1025_1.WAV,IMG_20171213_110642.jpg,IMG_20180514_150249.jpg,KSL,Buceros rhinoceros,A,2,0,4,"","",KSL,,3
Tauk,TTA3-4,Katie,Oka,2017-12-13,06:56,100,"heavy, low clouds, slightly drippy",Cornell,R26_1025_1.WAV,IMG_20171213_110642.jpg,IMG_20180514_150249.jpg,KSL,Copsychus malabaricus,A,1,0,2,09:32,"",KSL,,3
Tauk,TTA3-5,Katie,Oka,2017-12-13,07:24,100,"heavy clouds, will rain soon",Cornell,R26_1026_1.WAV,IMG_20171213_110649.jpg,IMG_20180514_150300.jpg,KSL,Rhyticeros undulatus,A,1,0,1,01:40,stream 2,KSL,,3
Tauk,TTA3-5,Katie,Oka,2017-12-13,07:24,100,"heavy clouds, will rain soon",Cornell,R26_1026_1.WAV,IMG_20171213_110649.jpg,IMG_20180514_150300.jpg,KSL,Rhyticeros undulatus,A,1,0,1,01:40,stream 2,KSL,,3
Tauk,TTA3-6,Katie,Oka,2017-12-13,07:53,100,sun peeking thru the clouds,Cornell,R26_1027_1.WAV,IMG_20171213_110657.jpg,IMG_20180514_150317.jpg,KSL,Rhinoplax vigil,A,1,0,5,"",stream 1,KSL,,3
Tauk,TTA3-6,Katie,Oka,2017-12-13,07:53,100,sun peeking thru the clouds,Cornell,R26_1027_1.WAV,IMG_20171213_110657.jpg,IMG_20180514_150317.jpg,KSL,Buceros rhinoceros,A,2,0,3,"",stream 1,KSL,,3
Tauk,TTA3-6,Katie,Oka,2017-12-13,07:53,100,sun peeking thru the clouds,Cornell,R26_1027_1.WAV,IMG_20171213_110657.jpg,IMG_20180514_150317.jpg,KSL,Rhinoplax vigil,A,1,0,5,"",stream 1,KSL,,3
Tauk,TTA3-6,Katie,Oka,2017-12-13,07:53,100,sun peeking thru the clouds,Cornell,R26_1027_1.WAV,IMG_20171213_110657.jpg,IMG_20180514_150317.jpg,KSL,Buceros rhinoceros,A,2,0,3,"",stream 1,KSL,,3
Tauk,TTA3-7,Katie,Oka,2017-12-13,08:23,100,"humid, feels like it's gonna rain but sun peeking thru clouds",Cornell,R26_1028_1.WAV,IMG_20171213_110704.jpg,IMG_20180514_150327.jpg,KSL,Buceros rhinoceros,A,2,0,3,"",stream 2,KSL,,3
Tauk,TTA3-7,Katie,Oka,2017-12-13,08:23,100,"humid, feels like it's gonna rain but sun peeking thru clouds",Cornell,R26_1028_1.WAV,IMG_20171213_110704.jpg,IMG_20180514_150327.jpg,KSL,Rhinoplax vigil,A,1,0,5,"",stream 2,KSL,,3
Tauk,TTA3-7,Katie,Oka,2017-12-13,08:23,100,"humid, feels like it's gonna rain but sun peeking thru clouds",Cornell,R26_1028_1.WAV,IMG_20171213_110704.jpg,IMG_20180514_150327.jpg,KSL,Buceros rhinoceros,A,2,0,3,"",stream 2,KSL,,3
Tauk,TTA3-7,Katie,Oka,2017-12-13,08:23,100,"humid, feels like it's gonna rain but sun peeking thru clouds",Cornell,R26_1028_1.WAV,IMG_20171213_110704.jpg,IMG_20180514_150327.jpg,KSL,Rhinoplax vigil,A,1,0,5,"",stream 2,KSL,,3
Tauk,TTA5-5,Katie,Oka,2017-12-07,07:30,100,foggy,Cornell,R26_0307_1.WAV,IMG_20171213_110901.jpg,IMG_20180516_142857.jpg,KSL,Rhyticeros undulatus,A,1,0,4,"",stream 1,KSL,,3
Tauk,TTA5-5,Katie,Oka,2017-12-07,07:30,100,foggy,Cornell,R26_0307_1.WAV,IMG_20171213_110901.jpg,IMG_20180516_142857.jpg,KSL,Buceros rhinoceros,A,2,0,3,"",stream 1,KSL,,3
Tauk,TTA5-5,Katie,Oka,2017-12-07,07:30,100,foggy,Cornell,R26_0307_1.WAV,IMG_20171213_110901.jpg,IMG_20180516_142857.jpg,KSL,Rhyticeros undulatus,A,1,0,4,"",stream 1,KSL,,3
Tauk,TTA5-5,Katie,Oka,2017-12-07,07:30,100,foggy,Cornell,R26_0307_1.WAV,IMG_20171213_110901.jpg,IMG_20180516_142857.jpg,KSL,Buceros rhinoceros,A,2,0,3,"",stream 1,KSL,,3
Tauk,TTA5-6,Katie,Oka,2017-12-07,08:06,100,foggy,Cornell,R26_0308_1.WAV,IMG_20171213_110909.jpg,IMG_20180516_142905.jpg,KSL,Rhyticeros undulatus,A,2,0,2,01:50,"",KSL,,3
Tauk,TTA5-6,Katie,Oka,2017-12-07,08:06,100,foggy,Cornell,R26_0308_1.WAV,IMG_20171213_110909.jpg,IMG_20180516_142905.jpg,KSL,Rhyticeros undulatus,A,2,0,2,01:50,"",KSL,,3
Tauk,TTA6-5,Katie,Oka,2017-12-09,09:19,100,"post-rain, drippy, cloudy, wet",Cornell,R26_1006_1.WAV,IMG_20171213_111051.jpg,IMG_20180517_151645.jpg,KSL,Chloropsis sonnerati,A,2,0,2,"","",KSL,,3
Tauk,TTA6-5,Katie,Oka,2017-12-09,09:19,100,"post-rain, drippy, cloudy, wet",Cornell,R26_1006_1.WAV,IMG_20171213_111051.jpg,IMG_20180517_151645.jpg,KSL,Chloropsis sonnerati,A,2,0,2,"","",KSL,,3
Tauk,TTA7-1,Katie,Oka,2017-12-08,05:31,100,"foggy, slightly drippy",Cornell,R26_0311_1.WAV,IMG_20171213_111110.jpg,IMG_20180518_154140.jpg,KSL,Buceros rhinoceros,A,1,0,2,"","",KSL,,3
Tauk,TTA7-2,Katie,Oka,2017-12-08,05:58,100,foggy and slightly drippy,Cornell,R26_0312_1.WAV,IMG_20171213_111118.jpg,IMG_20180518_154152.jpg,KSL,Rhyticeros undulatus,A,1,0,3,"","",KSL,,3
Tauk,TTA7-6,Katie,Oka,2017-12-08,07:38,100,"foggy and drippy, but bright",Cornell,R26_0316_1.WAV,IMG_20171213_111149.jpg,IMG_20180518_154248.jpg,KSL,Anthracoceros malayanus,A,1,0,2,"","",KSL,,3
Tauk,TTA7-7,Katie,Oka,2017-12-08,08:05,100,"bright, still cloudy, slightly drippy",Cornell,R26_0317_1.WAV,IMG_20171213_111156.jpg,IMG_20180518_154306.jpg,KSL,Rhyticeros undulatus,A,1,0,1,"","",KSL,,3
Tauk,TTA7-9,Katie,Oka,2017-12-08,08:54,60,sunny,Cornell,R26_0319_1.WAV,IMG_20171213_111209.jpg,IMG_20180518_154335.jpg,KSL,Anthracoceros malayanus,A,2,0,1,"","",KSL,,3
Tauk,TTB1-1,Indah,Rikardus,2017-12-12,05:30,100,mendung/kabut,YPI,171212-000.wav,IMG_20171213_111805.jpg,IMG_20180707_104116.jpg,ISS,Anorrhinus galeritus,A,3,0,5,02:45,"",KSL,,3
Tauk,TTB1-4,Indah,Rikardus,2017-12-12,08:00,0,cerah,YPI,171212-003.wav,IMG_20171213_111835.jpg,IMG_20180707_104151.jpg,ISS,Rhyticeros undulatus,A,2,0,5,07:15,"",KSL,,3
Tauk,TTB2-1,Indah,Rikardus,2017-12-14,05:30,100,mendung,YPI,171214-000,IMG_20171214_105357.jpg,IMG_20180707_104234.jpg,ISS,Rhyticeros undulatus,"",4,0,3,00:14,"",KSL,,3
Tauk,TTB2-3,Indah,Rikardus,2017-12-14,06:29,60,cerah,YPI,171214-002.wav,IMG_20171214_105418.jpg,IMG_20180707_104249.jpg,ISS,Copsychus malabaricus,A,1,0,4,05:47,"",KSL,,3
Tauk,TTB3-2,Indah,Rikardus,2017-12-13,05:59,100,mendung,YPI,171213-001.wav,IMG_20171214_105104.jpg,IMG_20180707_104335.jpg,iSS,Copsychus malabaricus,A,1,0,2,06:44,"",KSL,,3
Tauk,TTB3-4,Indah,Rikardus,2017-12-13,07:00,50,cerah,YPI,171213-003.wav,IMG_20171214_105158.jpg,IMG_20180707_104354.jpg,ISS,Rhyticeros undulatus,A,1,0,5,04:15,"",KSL,,3
Tauk,TTB3-5,Indah,Rikardus,2017-12-13,07:40,50,mendung,YPI,171213-004.wav,IMG_20171214_105206.jpg,IMG_20180707_104400.jpg,ISS,Rhinoplax vigil,A,1,0,5,00:06,"",KSL,,3
Tauk,TTB3-5,Indah,Rikardus,2017-12-13,07:40,50,mendung,YPI,171213-004.wav,IMG_20171214_105206.jpg,IMG_20180707_104400.jpg,ISS,Copsychus malabaricus,A,1,0,2,01:47,"",KSL,,3
Tauk,TTB4-3,Indah,Rikardus,2017-12-15,06:35,70,akan cerah,YPI,171215_002.wav,IMG_20171215_235016.jpg,IMG_20180707_104441.jpg,ISS,Buceros rhinoceros,A,6,0,4,00:52,"",KSL,,3
Tauk,TTB4-3,Indah,Rikardus,2017-12-15,06:35,70,akan cerah,YPI,171215_002.wav,IMG_20171215_235016.jpg,IMG_20180707_104441.jpg,ISS,Copsychus malabaricus,A,1,0,3,07:48,"",KSL,,3
Tauk,TTB4-5,Indah,Rikardus,2017-12-15,07:35,0,cerah,YPI,171215-004.wav,IMG_20171215_235036.jpg,IMG_20180707_104454.jpg,ISS,Buceros rhinoceros,V,3,0,5,03:53,"",KSL,,3
Tauk,TTB4-5,Indah,Rikardus,2017-12-15,07:35,0,cerah,YPI,171215-004.wav,IMG_20171215_235036.jpg,IMG_20180707_104454.jpg,ISS,Rhinoplax vigil,A,1,0,5,08:50,"",KSL,,3
Tauk,TTB5-4,Katie,Oka,2017-12-10,06:41,70,"clearing- clouds patchy, sun peeking through",Cornell,R26_1012_1.WAV,IMG_20171213_110741.jpg,IMG_20180514_150726.jpg,KSL,Berenicornis comatus,A,1,0,4,"","",KSL,,3
Tauk,TTB5-5,Katie,Oka,2017-12-10,07:05,60,"bright, clouds patchy",Cornell,R26_1013_1.WAV,IMG_20171213_110749.jpg,IMG_20180415_150745.jpg,KSL,Rhinoplax vigil,A,1,0,4,"","",KSL,,3
Tauk,TTB5-6,Katie,Oka,2017-12-10,07:28,40,"bright, sunny, patchy clouds",Cornell,R26_1014_1.WAV,IMG_20171213_110757.jpg,IMG_20180514_150759.jpg,KSL,Rhinoplax vigil,A,1,0,4,"",stream 2,KSL,,3
Tauk,TTB5-7,Katie,Oka,2017-12-10,07:54,50,"patchy clouds, bright",Cornell,R26_1016_1.WAV,IMG_20171213_110805.jpg,IMG_20180516_094300.jpg,KSL,Rhyticeros undulatus,A,2,0,1,"","",KSL,,3
Tauk,TTB5-9,Katie,Oka,2017-12-10,08:47,60,"patchy clouds, bright",Cornell,R26_1018_1.WAV,IMG_20171213_110819.jpg,IMG_20180516_094331.jpg,KSL,Rhyticeros undulatus,F,2,0,1,00:25,"",KSL,,3
Tauk,TTB6-9,Indah,Rikardus,2017-12-10,09:30,0,cerah,YPI,171210-008.wav,IMG_20171213_111959.jpg,IMG_20180707_104645.jpg,ISS,Buceros rhinoceros,A,2,0,5,00:38,"",KSL,,3
Tauk,TTB8-1,Indah,Rikardus,2017-12-07,05:35,100,berkabut,YPI,171207-000.wav,IMG_20171213_112121.jpg,IMG_20180707_104809.jpg,ISS,Rhyticeros undulatus,F,1,0,1,09:28,"",KSL,,3
Tauk,TTB8-9,Indah,Rikardus,2017-12-07,09:15,50,cerah,YPI,171207-007.wav,IMG_20171213_112223.jpg,IMG_20180707_104920.jpg,ISS,Buceros rhinoceros,A,1,0,3,03:15,"",KSL,,3
Tauk,TTA1-1,Katie,Oka,2018-01-24,05:30,100,dry,Cornell,R26_0322_1.WAV,IMG_0947.jpg,IMG_20180523_162526.jpg,KSL,Buceros rhinoceros,A,2,0,3,"","",KSL,,4
Tauk,TTA1-1,Katie,Oka,2018-01-24,05:30,100,dry,Cornell,R26_0322_1.WAV,IMG_0947.jpg,IMG_20180523_162526.jpg,KSL,Buceros rhinoceros,A,2,0,3,"","",KSL,,4
Tauk,TTA1-2,Katie,Oka,2018-01-24,05:59,100,dry,Cornell,R26_0232_1.WAV,IMG_0948.jpg,IMG_20180523_162553.jpg,KSL,Buceros rhinoceros,A,1,0,3,"","",KSL,,4
Tauk,TTA1-2,Katie,Oka,2018-01-24,05:59,100,dry,Cornell,R26_0232_1.WAV,IMG_0948.jpg,IMG_20180523_162553.jpg,KSL,Buceros rhinoceros,A,1,0,3,"","",KSL,,4
Tauk,TTA1-5,Katie,Oka,2018-01-24,07:22,90,dry,Cornell,R26_0326_1.WAV,IMG_0951.jpg,IMG_20180523_162652.jpg,KSL,Buceros rhinoceros,A,2,0,2,"","",KSL,,4
Tauk,TTA1-5,Katie,Oka,2018-01-24,07:22,90,dry,Cornell,R26_0326_1.WAV,IMG_0951.jpg,IMG_20180523_162652.jpg,KSL,Buceros rhinoceros,A,2,0,2,"","",KSL,,4
Tauk,TTA1-6,Katie,Oka,2018-01-24,07:54,100,dry,Cornell,R26_0327_1.WAV,IMG_0952.jpg,IMG_20180523_162706.jpg,KSL,Rhinoplax vigil,A,2,0,3,03:35,"",KSL,,4
Tauk,TTA1-6,Katie,Oka,2018-01-24,07:54,100,dry,Cornell,R26_0327_1.WAV,IMG_0952.jpg,IMG_20180523_162706.jpg,KSL,Rhinoplax vigil,A,2,0,3,03:35,"",KSL,,4
Tauk,TTA1-7,Katie,Oka,2018-01-24,08:23,100,dry,Cornell,R26_0328_1.WAV,IMG_0953.jpg,IMG_20180523_162718.jpg,KSL,Rhinoplax vigil,A,1,0,5,"","",KSL,,4
Tauk,TTA1-7,Katie,Oka,2018-01-24,08:23,100,dry,Cornell,R26_0328_1.WAV,IMG_0953.jpg,IMG_20180523_162718.jpg,KSL,Rhinoplax vigil,A,1,0,5,"","",KSL,,4
Tauk,TTA2-1,Katie,Oka,2018-01-26,05:32,100,dry,Cornell,R26_0342_1.WAV,IMG_0954.jpg,IMG_20180529_131812.jpg,KSL,Buceros rhinoceros,A,2,0,3,"","",KSL,,4
Tauk,TTA2-1,Katie,Oka,2018-01-26,05:32,100,dry,Cornell,R26_0342_1.WAV,IMG_0954.jpg,IMG_20180529_131812.jpg,KSL,Anorrhinus galeritus,A,2,0,3,"","",KSL,,4
Tauk,TTA2-1,Katie,Oka,2018-01-26,05:32,100,dry,Cornell,R26_0342_1.WAV,IMG_0954.jpg,IMG_20180529_131812.jpg,KSL,Buceros rhinoceros,A,2,0,3,"","",KSL,,4
Tauk,TTA2-1,Katie,Oka,2018-01-26,05:32,100,dry,Cornell,R26_0342_1.WAV,IMG_0954.jpg,IMG_20180529_131812.jpg,KSL,Anorrhinus galeritus,A,2,0,3,"","",KSL,,4
Tauk,TTA2-4,Katie,Oka,2018-01-26,07:17,100,"dry, ground damp",Cornell,R26_0345_1.WAV,IMG_0957.jpg,IMG_20180529_134748.jpg,KSL,Anorrhinus galeritus,A,1,0,2,00:52,"",KSL,,4
Tauk,TTA2-4,Katie,Oka,2018-01-26,07:17,100,"dry, ground damp",Cornell,R26_0345_1.WAV,IMG_0957.jpg,IMG_20180529_134748.jpg,KSL,Rhinoplax vigil,A,1,0,4,"","",KSL,,4
Tauk,TTA2-4,Katie,Oka,2018-01-26,07:17,100,"dry, ground damp",Cornell,R26_0345_1.WAV,IMG_0957.jpg,IMG_20180529_134748.jpg,KSL,Anorrhinus galeritus,A,1,0,2,00:52,"",KSL,,4
Tauk,TTA2-4,Katie,Oka,2018-01-26,07:17,100,"dry, ground damp",Cornell,R26_0345_1.WAV,IMG_0957.jpg,IMG_20180529_134748.jpg,KSL,Rhinoplax vigil,A,1,0,4,"","",KSL,,4
Tauk,TTA2-5,Katie,Oka,2018-01-26,07:55,100,"dry, damp ground",Cornell,R26_0346_1.WAV,IMG_0958.jpg,IMG_20180529_134805.jpg,KSL,Buceros rhinoceros,A,2,0,3,"","",KSL,,4
Tauk,TTA2-5,Katie,Oka,2018-01-26,07:55,100,"dry, damp ground",Cornell,R26_0346_1.WAV,IMG_0958.jpg,IMG_20180529_134805.jpg,KSL,Rhinoplax vigil,A,1,0,5,"","",KSL,,4
Tauk,TTA2-5,Katie,Oka,2018-01-26,07:55,100,"dry, damp ground",Cornell,R26_0346_1.WAV,IMG_0958.jpg,IMG_20180529_134805.jpg,KSL,Buceros rhinoceros,A,2,0,3,"","",KSL,,4
Tauk,TTA2-5,Katie,Oka,2018-01-26,07:55,100,"dry, damp ground",Cornell,R26_0346_1.WAV,IMG_0958.jpg,IMG_20180529_134805.jpg,KSL,Rhinoplax vigil,A,1,0,5,"","",KSL,,4
Tauk,TTA2-6,Katie,Oka,2018-01-26,08:34,100,"dry, ground damp",Cornell,R26_0347_1.WAV,IMG_0959.jpg,IMG_20180529_134815.jpg,KSL,Buceros rhinoceros,A,2,0,3,"","",KSL,,4
Tauk,TTA2-6,Katie,Oka,2018-01-26,08:34,100,"dry, ground damp",Cornell,R26_0347_1.WAV,IMG_0959.jpg,IMG_20180529_134815.jpg,KSL,Buceros rhinoceros,A,2,0,3,"","",KSL,,4
Tauk,TTA3-1,Katie,Oka,2018-01-25,05:33,0,dry,Cornell,R26_0329_1.WAV,IMG_0960.jpg,IMG_20180529_134828.jpg,KSL,Anorrhinus galeritus,A,2,0,3,"","",KSL,,4
Tauk,TTA3-1,Katie,Oka,2018-01-25,05:33,0,dry,Cornell,R26_0329_1.WAV,IMG_0960.jpg,IMG_20180529_134828.jpg,KSL,Anorrhinus galeritus,A,2,0,3,"","",KSL,,4
Tauk,TTA3-2,Katie,Oka,2018-01-25,06:17,0,dry,Cornell,R26_0331_1.WAV,IMG_0961.jpg,IMG_20180529_134839.jpg,KSL,Rhyticeros undulatus,A,1,0,2,04:56,"",KSL,,4
Tauk,TTA3-2,Katie,Oka,2018-01-25,06:17,0,dry,Cornell,R26_0331_1.WAV,IMG_0961.jpg,IMG_20180529_134839.jpg,KSL,Rhyticeros undulatus,A,1,0,2,04:56,"",KSL,,4
Tauk,TTA3-3,Katie,Oka,2018-01-25,06:44,20,clear and dry,Cornell,R26_0333_1.WAV,IMG_0962.jpg,IMG_20180529_134852.jpg,KSL,Copsychus malabaricus,A,1,0,2,"","",KSL,,4
Tauk,TTA3-3,Katie,Oka,2018-01-25,06:44,20,clear and dry,Cornell,R26_0333_1.WAV,IMG_0962.jpg,IMG_20180529_134852.jpg,KSL,Buceros rhinoceros,A,1,0,3,"","",KSL,,4
Tauk,TTA3-3,Katie,Oka,2018-01-25,06:44,20,clear and dry,Cornell,R26_0333_1.WAV,IMG_0962.jpg,IMG_20180529_134852.jpg,KSL,Copsychus malabaricus,A,1,0,2,"","",KSL,,4
Tauk,TTA3-3,Katie,Oka,2018-01-25,06:44,20,clear and dry,Cornell,R26_0333_1.WAV,IMG_0962.jpg,IMG_20180529_134852.jpg,KSL,Buceros rhinoceros,A,1,0,3,"","",KSL,,4
Tauk,TTA3-4,Katie,Oka,2018-01-25,07:11,20,clear and dry,Cornell,R26_0335_1.WAV,IMG_0963.jpg,IMG_20180529_134903.jpg,KSL,Rhinoplax vigil,A,2,0,4,06:30,"",KSL,,4
Tauk,TTA3-4,Katie,Oka,2018-01-25,07:11,20,clear and dry,Cornell,R26_0335_1.WAV,IMG_0963.jpg,IMG_20180529_134903.jpg,KSL,Rhinoplax vigil,A,2,0,4,06:30,"",KSL,,4
Tauk,TTA3-5,Katie,Oka,2018-01-25,07:41,30,"",Cornell,R26_0338_1.WAV,IMG_0964.jpg,IMG_20180529_134923.jpg,KSL,Rhinoplax vigil,A,3,0,1,03:04,"",KSL,,4
Tauk,TTA3-5,Katie,Oka,2018-01-25,07:41,30,"",Cornell,R26_0338_1.WAV,IMG_0964.jpg,IMG_20180529_134923.jpg,KSL,Copsychus malabaricus,A,1,0,3,"","",KSL,,4
Tauk,TTA3-5,Katie,Oka,2018-01-25,07:41,30,"",Cornell,R26_0338_1.WAV,IMG_0964.jpg,IMG_20180529_134923.jpg,KSL,Anorrhinus galeritus,A,4,0,3,"","",KSL,,4
Tauk,TTA3-5,Katie,Oka,2018-01-25,07:41,30,"",Cornell,R26_0338_1.WAV,IMG_0964.jpg,IMG_20180529_134923.jpg,KSL,Rhinoplax vigil,A,3,0,1,03:04,"",KSL,,4
Tauk,TTA3-5,Katie,Oka,2018-01-25,07:41,30,"",Cornell,R26_0338_1.WAV,IMG_0964.jpg,IMG_20180529_134923.jpg,KSL,Copsychus malabaricus,A,1,0,3,"","",KSL,,4
Tauk,TTA3-5,Katie,Oka,2018-01-25,07:41,30,"",Cornell,R26_0338_1.WAV,IMG_0964.jpg,IMG_20180529_134923.jpg,KSL,Anorrhinus galeritus,A,4,0,3,"","",KSL,,4
Tauk,TTA3-6,Katie,Oka,2018-01-25,08:12,30,clear and dry,Cornell,R26_0339_1.WAV,IMG_0965.jpg,IMG_20180529_134935.jpg,KSL,Buceros rhinoceros,A,2,0,3,"","",KSL,,4
Tauk,TTA3-6,Katie,Oka,2018-01-25,08:12,30,clear and dry,Cornell,R26_0339_1.WAV,IMG_0965.jpg,IMG_20180529_134935.jpg,KSL,Copsychus malabaricus,A,1,0,2,"","",KSL,,4
Tauk,TTA3-6,Katie,Oka,2018-01-25,08:12,30,clear and dry,Cornell,R26_0339_1.WAV,IMG_0965.jpg,IMG_20180529_134935.jpg,KSL,Buceros rhinoceros,A,2,0,3,"","",KSL,,4
Tauk,TTA3-6,Katie,Oka,2018-01-25,08:12,30,clear and dry,Cornell,R26_0339_1.WAV,IMG_0965.jpg,IMG_20180529_134935.jpg,KSL,Copsychus malabaricus,A,1,0,2,"","",KSL,,4
Tauk,TTA3-7,Katie,Oka,2018-01-25,08:42,0,clear and dry,Cornell,R26_0340_1.WAV,IMG_0966.jpg,IMG_20180529_134948.jpg,KSL,Buceros rhinoceros,A,,0,3,"",stream 2,KSL,,4
Tauk,TTA3-7,Katie,Oka,2018-01-25,08:42,0,clear and dry,Cornell,R26_0340_1.WAV,IMG_0966.jpg,IMG_20180529_134948.jpg,KSL,Buceros rhinoceros,A,,0,3,"",stream 2,KSL,,4
Tauk,TTA5-1,Katie,Oka,2018-01-31,05:32,100,"dry, foggy",Cornell,R26_0372_1.WAV,IMG_1137.jpg,IMG_20180530_143653.jpg,KSL,Buceros rhinoceros,A,2,0,3,"","",KSL,,4
Tauk,TTA5-1,Katie,Oka,2018-01-31,05:32,100,"dry, foggy",Cornell,R26_0372_1.WAV,IMG_1137.jpg,IMG_20180530_143653.jpg,KSL,Anorrhinus galeritus,A,2,0,2,"","",KSL,,4
Tauk,TTA5-1,Katie,Oka,2018-01-31,05:32,100,"dry, foggy",Cornell,R26_0372_1.WAV,IMG_1137.jpg,IMG_20180530_143653.jpg,KSL,Buceros rhinoceros,A,2,0,3,"","",KSL,,4
Tauk,TTA5-1,Katie,Oka,2018-01-31,05:32,100,"dry, foggy",Cornell,R26_0372_1.WAV,IMG_1137.jpg,IMG_20180530_143653.jpg,KSL,Anorrhinus galeritus,A,2,0,2,"","",KSL,,4
Tauk,TTA5-2,Katie,Oka,2018-01-31,05:57,100,dry,Cornell,R26_0373_1.WAV,IMG_1138.jpg,IMG_20180530_143707.jpg,KSL,Buceros rhinoceros,A,1,0,4,"","",KSL,,4
Tauk,TTA5-2,Katie,Oka,2018-01-31,05:57,100,dry,Cornell,R26_0373_1.WAV,IMG_1138.jpg,IMG_20180530_143707.jpg,KSL,Buceros rhinoceros,A,1,0,4,"","",KSL,,4
Tauk,TTA5-4,Katie,Oka,2018-01-31,06:46,100,dry and hazy,Cornell,R26_0375_1.WAV,IMG_1140.jpg,IMG_20180530_143741.jpg,KSL,Copsychus malabaricus,A,1,0,2,01:47,"",KSL,,4
Tauk,TTA5-4,Katie,Oka,2018-01-31,06:46,100,dry and hazy,Cornell,R26_0375_1.WAV,IMG_1140.jpg,IMG_20180530_143741.jpg,KSL,Copsychus malabaricus,A,1,0,2,01:47,"",KSL,,4
Tauk,TTA5-5,Katie,Oka,2018-01-31,07:11,100,dry and hazy,Cornell,R26_0376_1.WAV,IMG_1141.jpg,IMG_20180530_143753.jpg,KSL,Copsychus malabaricus,A,1,0,2,"","",KSL,,4
Tauk,TTA5-5,Katie,Oka,2018-01-31,07:11,100,dry and hazy,Cornell,R26_0376_1.WAV,IMG_1141.jpg,IMG_20180530_143753.jpg,KSL,Buceros rhinoceros,A,4,0,3,"","",KSL,,4
Tauk,TTA5-5,Katie,Oka,2018-01-31,07:11,100,dry and hazy,Cornell,R26_0376_1.WAV,IMG_1141.jpg,IMG_20180530_143753.jpg,KSL,Copsychus malabaricus,A,1,0,2,"","",KSL,,4
Tauk,TTA5-5,Katie,Oka,2018-01-31,07:11,100,dry and hazy,Cornell,R26_0376_1.WAV,IMG_1141.jpg,IMG_20180530_143753.jpg,KSL,Buceros rhinoceros,A,4,0,3,"","",KSL,,4
Tauk,TTA5-6,Katie,Oka,2018-01-31,07:45,100,dry and hazy,Cornell,R26_0377_1.WAV,IMG_1142.jpg,IMG_20180530_143805.jpg,KSL,Buceros rhinoceros,A,1,0,3,"","",KSL,,4
Tauk,TTA5-6,Katie,Oka,2018-01-31,07:45,100,dry and hazy,Cornell,R26_0377_1.WAV,IMG_1142.jpg,IMG_20180530_143805.jpg,KSL,Buceros rhinoceros,A,1,0,3,"","",KSL,,4
Tauk,TTA5-8,Katie,Oka,2018-01-31,08:51,70,dry and clear,Cornell,R26_0379_1.WAV,IMG_1144.jpg,IMG_20180530_143831.jpg,KSL,Buceros rhinoceros,A,2,0,4,"","",KSL,,4
Tauk,TTA5-8,Katie,Oka,2018-01-31,08:51,70,dry and clear,Cornell,R26_0379_1.WAV,IMG_1144.jpg,IMG_20180530_143831.jpg,KSL,Buceros rhinoceros,A,2,0,4,"","",KSL,,4
Tauk,TTA6-1,Katie,Oka,2018-01-29,05:31,100,dry,Cornell,R26_0348_1.WAV,IMG_1145.jpg,IMG_20180604_154726.jpg,KSL,Berenicornis comatus,A,2,0,3,04:20,"",KSL,,4
Tauk,TTA6-1,Katie,Oka,2018-01-29,05:31,100,dry,Cornell,R26_0348_1.WAV,IMG_1145.jpg,IMG_20180604_154726.jpg,KSL,Berenicornis comatus,A,2,0,3,04:20,"",KSL,,4
Tauk,TTA6-2,Katie,Oka,2018-01-29,05:54,100,"dry, a little foggy",Cornell,R26_0350_1.WAV,IMG_1146.jpg,IMG_20180604_154739.jpg,KSL,Berenicornis comatus,A,1,0,1,00:26,"","",,4
Tauk,TTA6-2,Katie,Oka,2018-01-29,05:54,100,"dry, a little foggy",Cornell,R26_0350_1.WAV,IMG_1146.jpg,IMG_20180604_154739.jpg,KSL,Berenicornis comatus,A,1,0,1,00:26,"","",,4
Tauk,TTA6-3,Katie,Oka,2018-01-29,06:17,100,dry,Cornell,R26_0351_1.WAV,IMG_1147.jpg,IMG_20180604_154754.jpg,KSL,Rhinoplax vigil,A,1,0,4,"","",KSL,,4
Tauk,TTA6-3,Katie,Oka,2018-01-29,06:17,100,dry,Cornell,R26_0351_1.WAV,IMG_1147.jpg,IMG_20180604_154754.jpg,KSL,Anorrhinus galeritus,A,2,0,1,08:52,"",KSL,,4
Tauk,TTA6-3,Katie,Oka,2018-01-29,06:17,100,dry,Cornell,R26_0351_1.WAV,IMG_1147.jpg,IMG_20180604_154754.jpg,KSL,Rhinoplax vigil,A,1,0,4,"","",KSL,,4
Tauk,TTA6-3,Katie,Oka,2018-01-29,06:17,100,dry,Cornell,R26_0351_1.WAV,IMG_1147.jpg,IMG_20180604_154754.jpg,KSL,Anorrhinus galeritus,A,2,0,1,08:52,"",KSL,,4
Tauk,TTA6-7,Katie,Oka,2018-01-29,07:53,100,dry,Cornell,R26_0356_1.WAV,IMG_1151.jpg,IMG_20180604_154852.jpg,KSL,Buceros rhinoceros,A,2,0,2,"","",KSL,,4
Tauk,TTA6-7,Katie,Oka,2018-01-29,07:53,100,dry,Cornell,R26_0356_1.WAV,IMG_1151.jpg,IMG_20180604_154852.jpg,KSL,Buceros rhinoceros,A,2,0,2,"","",KSL,,4
Tauk,TTA6-8,Katie,Oka,2018-01-29,08:17,100,dry,Cornell,R26_0357_1.WAV,IMG_1152.jpg,IMG_20180604_154902.jpg,KSL,Buceros rhinoceros,A,2,0,3,"","",KSL,,4
Tauk,TTA6-8,Katie,Oka,2018-01-29,08:17,100,dry,Cornell,R26_0357_1.WAV,IMG_1152.jpg,IMG_20180604_154902.jpg,KSL,Buceros rhinoceros,A,2,0,3,"","",KSL,,4
Tauk,TTA6-9,Katie,Oka,2018-01-29,08:41,100,dry,Cornell,R26_0358_1.WAV,IMG_1153.jpg,IMG_20180604_154915.jpg,KSL,Buceros rhinoceros,A,1,0,3,"","",KSL,,4
Tauk,TTA6-9,Katie,Oka,2018-01-29,08:41,100,dry,Cornell,R26_0358_1.WAV,IMG_1153.jpg,IMG_20180604_154915.jpg,KSL,Buceros rhinoceros,A,1,0,3,"","",KSL,,4
Tauk,TTA7-1,Katie,Oka,2018-01-30,05:48,100,drippy,Cornell,R26_0361_1.WAV,IMG_1155.jpg,IMG_20180606_110022.jpg,KSL,Anorrhinus galeritus,A,3,0,2,09:25,"",KSL,,4
Tauk,TTA7-10,Katie,Oka,2018-01-30,09:30,100,"cloudy and wet, hot drippy",Cornell,R26_0371_1.WAV,IMG_1164.jpg,IMG_20180607_113053.jpg,KSL,Rhinoplax vigil,A,2,0,4,"","",KSL,,4
Tauk,TTA7-10,Katie,Oka,2018-01-30,09:30,100,"cloudy and wet, hot drippy",Cornell,R26_0371_1.WAV,IMG_1164.jpg,IMG_20180607_113053.jpg,KSL,Buceros rhinoceros,A,2,0,4,"","",KSL,,4
Tauk,TTA7-10,Katie,Oka,2018-01-30,09:30,100,"cloudy and wet, hot drippy",Cornell,R26_0371_1.WAV,IMG_1164.jpg,IMG_20180607_113053.jpg,KSL,Anthracoceros malayanus,A,1,0,2,"","",KSL,,4
Tauk,TTA7-2,Katie,Oka,2018-01-30,06:15,100,foggy and drippy,Cornell,R26_0362_1.WAV,IMG_1156.jpg,IMG_20180606_110037.jpg,KSL,Anorrhinus galeritus,A,2,0,3,"","",KSL,,4
Tauk,TTA7-8,Katie,Oka,2018-01-30,08:42,100,cloudy and drippy,Cornell,R26_0369_1.WAV,IMG_1162.jpg,IMG_20180607_113021.jpg,KSL,Buceros rhinoceros,A,3,0,3,"","",KSL,,4
Tauk,TTA7-8,Katie,Oka,2018-01-30,08:42,100,cloudy and drippy,Cornell,R26_0369_1.WAV,IMG_1162.jpg,IMG_20180607_113021.jpg,KSL,Rhinoplax vigil,A,1,0,5,"","",KSL,,4
Tauk,TTA7-9,Katie,Oka,2018-01-30,09:06,100,"cloudy, wet, not really drippy",Cornell,R26_0370_1.WAV,IMG_1163.jpg,IMG_20180607_113040.jpg,KSL,Rhinoplax vigil,A,2,0,5,"","",KSL,,4
Tauk,TTA7-9,Katie,Oka,2018-01-30,09:06,100,"cloudy, wet, not really drippy",Cornell,R26_0370_1.WAV,IMG_1163.jpg,IMG_20180607_113040.jpg,KSL,Anthracoceros malayanus,A,2,0,4,"","",KSL,,4
Tauk,TTA7-9,Katie,Oka,2018-01-30,09:06,100,"cloudy, wet, not really drippy",Cornell,R26_0370_1.WAV,IMG_1163.jpg,IMG_20180607_113040.jpg,KSL,Buceros rhinoceros,A,2,0,4,"","",KSL,,4
Tauk,TTB1-1,Indah,Rikardus,2018-01-24,06:45,100,akan cerah,YPI,180124-007.wav,IMG_0926.jpg,IMG_20180707_114352.jpg,ISS,Rhyticeros undulatus,F,2,0,3,03:51,"",KSL,,4
Tauk,TTB1-2,Indah,Rikardus,2018-01-24,07:05,80,"kabut, akan cerah",YPI,180124-019.wav,IMG_0927.jpg,IMG_20180707_114359.jpg,ISS,Rhyticeros undulatus,A,1,0,5,"","",KSL,,4
Tauk,TTB1-3,Indah,Rikardus,2018-01-24,07:52,90,mendung berkabut,YPI,180124-020.wav,IMG_0928.jpg,IMG_20180707_114404.jpg,ISS,Rhinoplax vigil,A,2,0,5,07:40,"",KSL,,4
Tauk,TTB1-4,Indah,Rikardus,2018-01-24,08:33,100,kabut,YPI,180124-021.wav,IMG_0929.jpg,IMG_20180707_114412.jpg,ISS,Rhinoplax vigil,A,1,0,5,07:16,"",KSL,,4
Tauk,TTB2-1,Indah,Rikardus,2018-01-26,05:30,100,akan cerah,YPI,180126-000.wav,IMG_0931.jpg,IMG_20180707_114425.jpg,ISS,Buceros rhinoceros,A,1,0,5,02:43,"",KSL,,4
Tauk,TTB2-3,Indah,Rikardus,2018-01-26,06:22,100,mendung,YPI,180126-002.wav,IMG_0933.jpg,IMG_20180707_114437.jpg,ISS,Rhyticeros undulatus,F,2,0,4,01:07,"",KSL,,4
Tauk,TTB2-4,Indah,Rikardus,2018-01-26,06:45,95,mendung,YPI,180126-003.wav,IMG_0934.jpg,IMG_20180707_114447.jpg,ISS,Berenicornis comatus,A,4,0,5,01:39,"",KSL,,4
Tauk,TTB2-4,Indah,Rikardus,2018-01-26,06:45,95,mendung,YPI,180126-003.wav,IMG_0934.jpg,IMG_20180707_114447.jpg,ISS,Buceros rhinoceros,A,1,0,5,04:46,"",KSL,,4
Tauk,TTB2-6,Indah,Rikardus,2018-01-26,07:33,95,mendung berkabut,YPI,180126-005.wav,IMG_0936.jpg,IMG_20180707_114505.jpg,ISS,Anthracoceros malayanus,A,2,0,3,01:42,"",KSL,,4
Tauk,TTB2-6,Indah,Rikardus,2018-01-26,07:33,95,mendung berkabut,YPI,180126-005.wav,IMG_0936.jpg,IMG_20180707_114505.jpg,ISS,Rhinoplax vigil,A,1,0,5,04:53,"",KSL,,4
Tauk,TTB2-7,Indah,Rikardus,2018-01-26,07:56,90,mendung,YPI,180126-006.wav,IMG_0937.jpg,IMG_20180707_114513.jpg,ISS,Rhinoplax vigil,A,1,0,5,04:11,"",KSL,,4
Tauk,TTB3-1,Indah,Rikardus,2018-01-25,05:30,100,akan cerah,YPI,180125-000.wav,IMG_0939.jpg,IMG_20180707_114528.jpg,ISS,Anorrhinus galeritus,A,3,0,5,00:28,"",KSL,,4
Tauk,TTB3-1,Indah,Rikardus,2018-01-25,05:30,100,akan cerah,YPI,180125-000.wav,IMG_0939.jpg,IMG_20180707_114528.jpg,ISS,Buceros rhinoceros,A,1,0,5,01:23,"",KSL,,4
Tauk,TTB3-2,Indah,Rikardus,2018-01-25,05:56,90,akan cerah,YPI,180125-001.wav,IMG_0940.jpg,IMG_20180707_114542.jpg,ISS,Copsychus malabaricus,A,1,0,4,07:11,"",KSL,,4
Tauk,TTB3-4,Indah,Rikardus,2018-01-25,06:50,50,cerah,YPI,180125-003.wav,IMG_0942.jpg,IMG_20180707_114559.jpg,ISS,Rhinoplax vigil,A,2,0,5,05:27,"",KSL,,4
Tauk,TTB3-4,Indah,Rikardus,2018-01-25,06:50,50,cerah,YPI,180125-003.wav,IMG_0942.jpg,IMG_20180707_114559.jpg,ISS,Buceros rhinoceros,A,2,0,5,07:28,"",KSL,,4
Tauk,TTB3-5,Indah,Rikardus,2018-01-25,07:20,30,cerah,YPI,180125-004.wav,IMG_0943.jpg,IMG_20180707_114605.jpg,ISS,Rhinoplax vigil,A,2,0,5,02:25,"",KSL,,4
Tauk,TTB3-6,Indah,Rikardus,2018-01-25,07:45,0,cerah,YPI,180125-005.wav,IMG_0944.jpg,IMG_20180707_114614.jpg,ISS,Rhinoplax vigil,A,1,0,5,08:11,"",KSL,,4
Tauk,TTB4-2,Indah,Rikardus,2018-01-27,05:58,100,mendung,YPI,180127-001.wav,IMG_1021.jpg,IMG_20180717_160436.jpg,ISS,Copsychus malabaricus,A,1,0,3,06:17,"",KSL,,4
Tauk,TTB4-3,Indah,Rikardus,2018-01-27,06:30,80,akan cerah,YPI,180127-002.wav,IMG_1022.jpg,IMG_20180717_160500.jpg,ISS,Copsychus malabaricus,A,2,0,3,04:09,"",KSL,,4
Tauk,TTB4-3,Indah,Rikardus,2018-01-27,06:30,80,akan cerah,YPI,180127-002.wav,IMG_1022.jpg,IMG_20180717_160500.jpg,ISS,Buceros rhinoceros,A,1,0,5,07:55,"",KSL,,4
Tauk,TTB4-4,Indah,Rikardus,2018-01-27,06:53,60,akan cerah,YPI,180127-003.wav,IMG_1023.jpg,IMG_20180717_160515.jpg,ISS,Rhyticeros undulatus,F,3,0,4,00:14,"",KSL,,4
Tauk,TTB4-4,Indah,Rikardus,2018-01-27,06:53,60,akan cerah,YPI,180127-003.wav,IMG_1023.jpg,IMG_20180717_160515.jpg,ISS,Buceros rhinoceros,A,4,0,5,06:30,"",KSL,,4
Tauk,TTB4-5,Indah,Rikardus,2018-01-27,07:22,30,cerah,YPI,180127-004.wav,IMG_1024.jpg,IMG_20180717_160529.jpg,ISS,Buceros rhinoceros,A,1,0,4,02:56,"",KSL,,4
Tauk,TTB4-6,Indah,Rikardus,2018-01-27,07:47,30,cerah,YPI,180127-005.wav,IMG_1025.jpg,IMG_20180717_160540.jpg,ISS,Rhyticeros undulatus,F,1,0,5,06:54,"",KSL,,4
Tauk,TTB5-1,Indah,Rikardus,2018-01-30,09:00,100,"akan cerah, rintik",YPI,180130-000.wav,IMG_1079.jpg,IMG_20180717_160626.jpg,ISS,Buceros rhinoceros,A,1,0,5,08:18,"",KSL,,4
Tauk,TTB5-2,Indah,Rikardus,2018-01-30,05:53,100,slightly raining,YPI,180130-001.wav,IMG_1080.jpg,IMG_20180717_160641.jpg,ISS,Rhinoplax vigil,A,1,0,5,"","",KSL,,4
Tauk,TTB5-3,Indah,Rikardus,2018-01-30,06:16,100,"slightly raining, foggy",YPI,180130-002.wav,IMG_1081.jpg,IMG_20180717_160649.jpg,ISS,Rhinoplax vigil,A,1,0,5,09:57,"",KSL,,4
Tauk,TTB5-4,Indah,Rikardus,2018-01-30,06:39,100,mendung and berkabut,YPI,180130-003.wav,IMG_1082.jpg,IMG_20180717_160659.jpg,ISS,Copsychus malabaricus,A,1,0,4,01:51,"",KSL,,4
Tauk,TTB5-6,Indah,Rikardus,2018-01-30,07:28,90,mendung,YPI,180130-005.wav,IMG_1084.jpg,IMG_20180717_160715.jpg,ISS,Rhinoplax vigil,A,1,0,5,09:15,"",KSL,,4
Tauk,TTB5-8,Indah,Rikardus,2018-01-30,08:22,95,mendung,YPI,180130-007.wav,IMG_1086.jpg,IMG_20180717_160733.jpg,ISS,Buceros rhinoceros,A,1,0,5,00:30,"",KSL,,4
Tauk,TTB7-2,Indah,Rikardus,2018-01-29,05:34,100,"berawan, akan cerah, mendung",YPI,180129-001.wav,IMG_1092.jpg,IMG_20180717_160956.jpg,ISS,Rhinoplax vigil,A,2,0,5,07:16,"",KSL,,4
Tauk,TTB7-7,Indah,Rikardus,2018-01-29,08:05,60,mendung,YPI,180129-006.wav,IMG_1097.jpg,IMG_20180717_161041.jpg,ISS,Anthracoceros malayanus,A,1,0,4,06:04,"",KSL,,4
Tauk,TTB7-8,Indah,Rikardus,2018-01-29,08:29,80,cerah berawan,YPI,180129-007.wav,IMG_1098.jpg,IMG_20180717_161049.jpg,ISS,Buceros rhinoceros,A,1,0,5,04:28,"",KSL,,4
Tauk,TTB8-1,Indah,Rikardus,2018-01-31,05:30,100,akan cerah,YPI,180131-000.wav,IMG_1100.jpg,IMG_20180707_114632.jpg,ISS,Buceros rhinoceros,A,2,0,5,01:13,"",KSL,,4
Tauk,TTB8-2,Indah,Rikardus,2018-01-31,05:57,100,akan cerah,YPI,180131-001.wav,IMG_1101.jpg,IMG_20180707_114638.jpg,ISS,Copsychus malabaricus,A,2,0,3,00:57,"",KSL,,4
Tauk,TTB8-3,Indah,Rikardus,2018-01-31,06:27,90,akan cerah,YPI,180131-002.wav,IMG_1102.jpg,IMG_20180707_114643.jpg,ISS,Buceros rhinoceros,A,2,0,5,07:43,"",KSL,,4
Tauk,TTB8-6,Indah,Rikardus,2018-01-31,07:43,20,cerah,YPI,180131-005.wav,IMG_1105.jpg,IMG_20180707_114711.jpg,ISS,Copsychus malabaricus,A,1,0,3,05:09,"",KSL,,4
Tauk,TTB8-6,Indah,Rikardus,2018-01-31,07:43,20,cerah,YPI,180131-005.wav,IMG_1105.jpg,IMG_20180707_114711.jpg,ISS,Buceros rhinoceros,A,1,0,4,09:40,"",KSL,,4
Tauk,TTB8-7,Indah,Rikardus,2018-01-31,08:08,10,cerah,YPI,180131-006.wav,IMG_1106.jpg,IMG_20180707_114721.jpg,ISS,Buceros rhinoceros,A,1,0,5,00:09,"",KSL,,4
Tauk,TTA1-1,Indah,Rikardus,2018-02-14,05:30,100,akan cerah,YPI,180214-000.wav,IMG_1564.jpg,IMG_20180608_113739.jpg,ISS,Rhinoplax vigil,A,1,0,5,07:58,"",KSL,,5
Tauk,TTA1-1,Indah,Rikardus,2018-02-14,05:30,100,akan cerah,YPI,180214-000.wav,IMG_1564.jpg,IMG_20180608_113739.jpg,ISS,Buceros rhinoceros,A,2,0,5,09:00,"",KSL,,5
Tauk,TTA1-1,Indah,Rikardus,2018-02-14,05:30,100,akan cerah,YPI,180214-000.wav,IMG_1564.jpg,IMG_20180608_113739.jpg,ISS,Rhinoplax vigil,A,1,0,5,07:58,"",KSL,,5
Tauk,TTA1-1,Indah,Rikardus,2018-02-14,05:30,100,akan cerah,YPI,180214-000.wav,IMG_1564.jpg,IMG_20180608_113739.jpg,ISS,Buceros rhinoceros,A,2,0,5,09:00,"",KSL,,5
Tauk,TTA1-5,Indah,Rikardus,2018-02-14,07:15,0,cerah,YPI,180214-004.wav,IMG_1568.jpg,IMG_20180608_113840.jpg,ISS,Rhinoplax vigil,A,1,0,5,00:05,"",KSL,,5
Tauk,TTA1-5,Indah,Rikardus,2018-02-14,07:15,0,cerah,YPI,180214-004.wav,IMG_1568.jpg,IMG_20180608_113840.jpg,ISS,Copsychus malabaricus,A,1,0,3,00:12,"",KSL,,5
Tauk,TTA1-5,Indah,Rikardus,2018-02-14,07:15,0,cerah,YPI,180214-004.wav,IMG_1568.jpg,IMG_20180608_113840.jpg,ISS,Rhinoplax vigil,A,1,0,5,00:05,"",KSL,,5
Tauk,TTA1-5,Indah,Rikardus,2018-02-14,07:15,0,cerah,YPI,180214-004.wav,IMG_1568.jpg,IMG_20180608_113840.jpg,ISS,Copsychus malabaricus,A,1,0,3,00:12,"",KSL,,5
Tauk,TTA1-6,Indah,Rikardus,2018-02-14,07:49,0,cerah,YPI,180214-005.wav,IMG_1569.jpg,IMG_20180608_113846.jpg,ISS,Buceros rhinoceros,A,1,0,5,05:57,"",KSL,,5
Tauk,TTA1-6,Indah,Rikardus,2018-02-14,07:49,0,cerah,YPI,180214-005.wav,IMG_1569.jpg,IMG_20180608_113846.jpg,ISS,Rhinoplax vigil,A,1,0,5,08:19,"",KSL,,5
Tauk,TTA1-6,Indah,Rikardus,2018-02-14,07:49,0,cerah,YPI,180214-005.wav,IMG_1569.jpg,IMG_20180608_113846.jpg,ISS,Buceros rhinoceros,A,1,0,5,05:57,"",KSL,,5
Tauk,TTA1-6,Indah,Rikardus,2018-02-14,07:49,0,cerah,YPI,180214-005.wav,IMG_1569.jpg,IMG_20180608_113846.jpg,ISS,Rhinoplax vigil,A,1,0,5,08:19,"",KSL,,5
Tauk,TTA1-7,Indah,Rikardus,2018-02-14,08:10,0,cerah,YPI,180214-006.wav,IMG_1570.jpg,IMG_20180608_113856.jpg,ISS,Rhinoplax vigil,A,1,0,5,00:56,"",KSL,,5
Tauk,TTA1-7,Indah,Rikardus,2018-02-14,08:10,0,cerah,YPI,180214-006.wav,IMG_1570.jpg,IMG_20180608_113856.jpg,ISS,Rhinoplax vigil,A,1,0,5,00:56,"",KSL,,5
Tauk,TTA2-1,Indah,Rikardus,2018-02-16,05:30,100,akan cerah,YPI,180216-000.wav,IMG_1571.jpg,IMG_20180608_113910.jpg,ISS,Buceros rhinoceros,A,1,0,5,08:13,"",KSL,,5
Tauk,TTA2-1,Indah,Rikardus,2018-02-16,05:30,100,akan cerah,YPI,180216-000.wav,IMG_1571.jpg,IMG_20180608_113910.jpg,ISS,Buceros rhinoceros,A,1,0,5,08:13,"",KSL,,5
Tauk,TTA2-4,Indah,Rikardus,2018-02-16,07:08,40,cerah,YPI,180216-003.wav,IMG_1574.jpg,IMG_20180608_113936.jpg,ISS,Anorrhinus galeritus,A,3,0,4,08:26,"",KSL,,5
Tauk,TTA2-4,Indah,Rikardus,2018-02-16,07:08,40,cerah,YPI,180216-003.wav,IMG_1574.jpg,IMG_20180608_113936.jpg,ISS,Anorrhinus galeritus,A,3,0,4,08:26,"",KSL,,5
Tauk,TTA2-5,Indah,Rikardus,2018-02-16,07:44,40,cerah,YPI,180216-004.wav,IMG_1575.jpg,IMG_20180608_113945.jpg,ISS,Rhyticeros undulatus,F,2,0,5,02:18,"",KSL,,5
Tauk,TTA2-5,Indah,Rikardus,2018-02-16,07:44,40,cerah,YPI,180216-004.wav,IMG_1575.jpg,IMG_20180608_113945.jpg,ISS,Anorrhinus galeritus,A,2,0,5,02:50,"",KSL,,5
Tauk,TTA2-5,Indah,Rikardus,2018-02-16,07:44,40,cerah,YPI,180216-004.wav,IMG_1575.jpg,IMG_20180608_113945.jpg,ISS,Rhyticeros undulatus,F,2,0,5,02:18,"",KSL,,5
Tauk,TTA2-5,Indah,Rikardus,2018-02-16,07:44,40,cerah,YPI,180216-004.wav,IMG_1575.jpg,IMG_20180608_113945.jpg,ISS,Anorrhinus galeritus,A,2,0,5,02:50,"",KSL,,5
Tauk,TTA2-6,Indah,Rikardus,2018-02-16,08:16,0,cerah,YPI,180216-005.wav,IMG_1576.jpg,IMG_20180608_113952.jpg,ISS,Buceros rhinoceros,F,7,0,3,00:47,"",KSL,,5
Tauk,TTA2-6,Indah,Rikardus,2018-02-16,08:16,0,cerah,YPI,180216-005.wav,IMG_1576.jpg,IMG_20180608_113952.jpg,ISS,Rhinoplax vigil,A,1,0,5,04:32,"",KSL,,5
Tauk,TTA2-6,Indah,Rikardus,2018-02-16,08:16,0,cerah,YPI,180216-005.wav,IMG_1576.jpg,IMG_20180608_113952.jpg,ISS,Buceros rhinoceros,F,7,0,3,00:47,"",KSL,,5
Tauk,TTA2-6,Indah,Rikardus,2018-02-16,08:16,0,cerah,YPI,180216-005.wav,IMG_1576.jpg,IMG_20180608_113952.jpg,ISS,Rhinoplax vigil,A,1,0,5,04:32,"",KSL,,5
Tauk,TTA3-1,Indah,Rikardus,2018-02-15,05:30,100,akan cerah,YPI,180215-000.wav,IMG_1577.jpg,IMG_20180608_114002.jpg,ISS,Buceros rhinoceros,A,2,0,5,05:19,"",KSL,,5
Tauk,TTA3-1,Indah,Rikardus,2018-02-15,05:30,100,akan cerah,YPI,180215-000.wav,IMG_1577.jpg,IMG_20180608_114002.jpg,ISS,Buceros rhinoceros,A,2,0,5,05:19,"",KSL,,5
Tauk,TTA3-4,Indah,Rikardus,2018-02-15,06:47,60,cerah,YPI,180215-003.wav,IMG_1581.jpg,IMG_20180608_114032.jpg,ISS,Rhinoplax vigil,A,1,0,5,00:02,"",KSL,,5
Tauk,TTA3-4,Indah,Rikardus,2018-02-15,06:47,60,cerah,YPI,180215-003.wav,IMG_1581.jpg,IMG_20180608_114032.jpg,ISS,Copsychus malabaricus,A,1,0,4,02:23,"",KSL,,5
Tauk,TTA3-4,Indah,Rikardus,2018-02-15,06:47,60,cerah,YPI,180215-003.wav,IMG_1581.jpg,IMG_20180608_114032.jpg,ISS,Buceros rhinoceros,A,2,0,5,08:18,"",KSL,,5
Tauk,TTA3-4,Indah,Rikardus,2018-02-15,06:47,60,cerah,YPI,180215-003.wav,IMG_1581.jpg,IMG_20180608_114032.jpg,ISS,Rhinoplax vigil,A,1,0,5,00:02,"",KSL,,5
Tauk,TTA3-4,Indah,Rikardus,2018-02-15,06:47,60,cerah,YPI,180215-003.wav,IMG_1581.jpg,IMG_20180608_114032.jpg,ISS,Copsychus malabaricus,A,1,0,4,02:23,"",KSL,,5
Tauk,TTA3-4,Indah,Rikardus,2018-02-15,06:47,60,cerah,YPI,180215-003.wav,IMG_1581.jpg,IMG_20180608_114032.jpg,ISS,Buceros rhinoceros,A,2,0,5,08:18,"",KSL,,5
Tauk,TTA3-5,Indah,Rikardus,2018-02-15,07:13,40,cerah,YPI,180215-004.wav,IMG_1582.jpg,IMG_20180608_114041.jpg,ISS,Buceros rhinoceros,A,2,0,4,00:20,"",KSL,,5
Tauk,TTA3-5,Indah,Rikardus,2018-02-15,07:13,40,cerah,YPI,180215-004.wav,IMG_1582.jpg,IMG_20180608_114041.jpg,ISS,Copsychus malabaricus,A,1,0,4,01:36,"",KSL,,5
Tauk,TTA3-5,Indah,Rikardus,2018-02-15,07:13,40,cerah,YPI,180215-004.wav,IMG_1582.jpg,IMG_20180608_114041.jpg,ISS,Rhinoplax vigil,A,1,0,5,02:32,"",KSL,,5
Tauk,TTA3-5,Indah,Rikardus,2018-02-15,07:13,40,cerah,YPI,180215-004.wav,IMG_1582.jpg,IMG_20180608_114041.jpg,ISS,Buceros rhinoceros,A,2,0,4,00:20,"",KSL,,5
Tauk,TTA3-5,Indah,Rikardus,2018-02-15,07:13,40,cerah,YPI,180215-004.wav,IMG_1582.jpg,IMG_20180608_114041.jpg,ISS,Copsychus malabaricus,A,1,0,4,01:36,"",KSL,,5
Tauk,TTA3-5,Indah,Rikardus,2018-02-15,07:13,40,cerah,YPI,180215-004.wav,IMG_1582.jpg,IMG_20180608_114041.jpg,ISS,Rhinoplax vigil,A,1,0,5,02:32,"",KSL,,5
Tauk,TTA5-1,Indah,Rikardus,2018-02-21,05:30,100,akan cerah,YPI,180221-000.wav,IMG_1585.jpg,IMG_20180608_114117.jpg,ISS,Buceros rhinoceros,A,2,0,5,09:10,"",KSL,,5
Tauk,TTA5-1,Indah,Rikardus,2018-02-21,05:30,100,akan cerah,YPI,180221-000.wav,IMG_1585.jpg,IMG_20180608_114117.jpg,ISS,Buceros rhinoceros,A,2,0,5,09:10,"",KSL,,5
Tauk,TTA5-2,Indah,Rikardus,2018-02-21,05:55,95,akan cerah,YPI,180221-001.wav,IMG_1586.jpg,IMG_20180608_114129.jpg,ISS,Buceros rhinoceros,A,1,0,5,08:54,"",KSL,,5
Tauk,TTA5-2,Indah,Rikardus,2018-02-21,05:55,95,akan cerah,YPI,180221-001.wav,IMG_1586.jpg,IMG_20180608_114129.jpg,ISS,Buceros rhinoceros,A,1,0,5,08:54,"",KSL,,5
Tauk,TTA5-3,Indah,Rikardus,2018-02-21,06:20,80,akan cerah,YPI,180221-002.wav,IMG_1587.jpg,IMG_20180608_114135.jpg,ISS,Buceros rhinoceros,A,2,0,5,00:23,"",KSL,,5
Tauk,TTA5-3,Indah,Rikardus,2018-02-21,06:20,80,akan cerah,YPI,180221-002.wav,IMG_1587.jpg,IMG_20180608_114135.jpg,ISS,Buceros rhinoceros,A,2,0,5,00:23,"",KSL,,5
Tauk,TTA5-4,Indah,Rikardus,2018-02-21,06:46,50,cerah berawan,YPI,180221-003.wav,IMG_1588.jpg,IMG_20180608_114142.jpg,ISS,Copsychus malabaricus,A,1,0,4,00:06,"",KSL,,5
Tauk,TTA5-4,Indah,Rikardus,2018-02-21,06:46,50,cerah berawan,YPI,180221-003.wav,IMG_1588.jpg,IMG_20180608_114142.jpg,ISS,Buceros rhinoceros,A,2,0,5,00:41,"",KSL,,5
Tauk,TTA5-4,Indah,Rikardus,2018-02-21,06:46,50,cerah berawan,YPI,180221-003.wav,IMG_1588.jpg,IMG_20180608_114142.jpg,ISS,Copsychus malabaricus,A,1,0,4,00:06,"",KSL,,5
Tauk,TTA5-4,Indah,Rikardus,2018-02-21,06:46,50,cerah berawan,YPI,180221-003.wav,IMG_1588.jpg,IMG_20180608_114142.jpg,ISS,Buceros rhinoceros,A,2,0,5,00:41,"",KSL,,5
Tauk,TTA5-5,Indah,Rikardus,2018-02-21,07:15,35,cerah berawan,YPI,180221-004.wav,IMG_1589.jpg,IMG_20180608_114209.jpg,ISS,Rhyticeros undulatus,V,1,0,3,03:16,"",KSL,,5
Tauk,TTA5-5,Indah,Rikardus,2018-02-21,07:15,35,cerah berawan,YPI,180221-004.wav,IMG_1589.jpg,IMG_20180608_114209.jpg,ISS,Rhyticeros undulatus,V,1,0,3,03:16,"",KSL,,5
Tauk,TTA5-6,Indah,Rikardus,2018-02-21,07:34,50,cerah berawan,YPI,180221-005.wav,IMG_1591.jpg,IMG_20180608_114219.jpg,ISS,Rhinoplax vigil,A,1,0,5,01:45,"",KSL,,5
Tauk,TTA5-6,Indah,Rikardus,2018-02-21,07:34,50,cerah berawan,YPI,180221-005.wav,IMG_1591.jpg,IMG_20180608_114219.jpg,ISS,Buceros rhinoceros,A,2,0,5,04:29,"",KSL,,5
Tauk,TTA5-6,Indah,Rikardus,2018-02-21,07:34,50,cerah berawan,YPI,180221-005.wav,IMG_1591.jpg,IMG_20180608_114219.jpg,ISS,Rhinoplax vigil,A,1,0,5,01:45,"",KSL,,5
Tauk,TTA5-6,Indah,Rikardus,2018-02-21,07:34,50,cerah berawan,YPI,180221-005.wav,IMG_1591.jpg,IMG_20180608_114219.jpg,ISS,Buceros rhinoceros,A,2,0,5,04:29,"",KSL,,5
Tauk,TTA5-7,Indah,Rikardus,2018-02-21,08:33,40,cerah berawan,YPI,180221-006.wav,IMG_1592.jpg,IMG_20180608_114244.jpg,ISS,Rhinoplax vigil,A,1,0,5,00:06,"",KSL,,5
Tauk,TTA5-7,Indah,Rikardus,2018-02-21,08:33,40,cerah berawan,YPI,180221-006.wav,IMG_1592.jpg,IMG_20180608_114244.jpg,ISS,Copsychus malabaricus,A,1,0,3,00:34,"",KSL,,5
Tauk,TTA5-7,Indah,Rikardus,2018-02-21,08:33,40,cerah berawan,YPI,180221-006.wav,IMG_1592.jpg,IMG_20180608_114244.jpg,ISS,Rhinoplax vigil,A,1,0,5,00:06,"",KSL,,5
Tauk,TTA5-7,Indah,Rikardus,2018-02-21,08:33,40,cerah berawan,YPI,180221-006.wav,IMG_1592.jpg,IMG_20180608_114244.jpg,ISS,Copsychus malabaricus,A,1,0,3,00:34,"",KSL,,5
Tauk,TTA5-8,Indah,Rikardus,2018-02-21,09:02,60,cerah berawan,YPI,180221-007.wav,IMG_1593.jpg,IMG_20180608_114251.jpg,ISS,Buceros rhinoceros,A,1,0,5,00:16,"",KSL,,5
Tauk,TTA5-8,Indah,Rikardus,2018-02-21,09:02,60,cerah berawan,YPI,180221-007.wav,IMG_1593.jpg,IMG_20180608_114251.jpg,ISS,Rhinoplax vigil,A,1,0,5,02:22,"",KSL,,5
Tauk,TTA5-8,Indah,Rikardus,2018-02-21,09:02,60,cerah berawan,YPI,180221-007.wav,IMG_1593.jpg,IMG_20180608_114251.jpg,ISS,Buceros rhinoceros,A,1,0,5,00:16,"",KSL,,5
Tauk,TTA5-8,Indah,Rikardus,2018-02-21,09:02,60,cerah berawan,YPI,180221-007.wav,IMG_1593.jpg,IMG_20180608_114251.jpg,ISS,Rhinoplax vigil,A,1,0,5,02:22,"",KSL,,5
Tauk,TTA6-10,Indah,Rikardus,2018-02-19,08:58,95,mendung berawan,YPI,180219-009.wav,IMG_1603.jpg,IMG_20180608_114429.jpg,ISS,Anthracoceros malayanus,A,1,0,4,09:30,"",KSL,,5
Tauk,TTA6-10,Indah,Rikardus,2018-02-19,08:58,95,mendung berawan,YPI,180219-009.wav,IMG_1603.jpg,IMG_20180608_114429.jpg,ISS,Anthracoceros malayanus,A,1,0,4,09:30,"",KSL,,5
Tauk,TTA6-3,Indah,Rikardus,2018-02-19,06:15,100,mendung,YPI,180219-002.wav,IMG_1596.jpg,IMG_20180608_114324.jpg,ISS,Anthracoceros malayanus,A,2,0,2,02:25,"",KSL,,5
Tauk,TTA6-3,Indah,Rikardus,2018-02-19,06:15,100,mendung,YPI,180219-002.wav,IMG_1596.jpg,IMG_20180608_114324.jpg,ISS,Anthracoceros malayanus,A,2,0,2,02:25,"",KSL,,5
Tauk,TTA6-6,Indah,Rikardus,2018-02-19,07:25,100,berawan mendung,YPI,180219-005.wav,IMG_1599.jpg,IMG_20180608_114354.jpg,ISS,Anorrhinus galeritus,A,3,0,5,00:25,"",KSL,,5
Tauk,TTA6-6,Indah,Rikardus,2018-02-19,07:25,100,berawan mendung,YPI,180219-005.wav,IMG_1599.jpg,IMG_20180608_114354.jpg,ISS,Anorrhinus galeritus,A,3,0,5,00:25,"",KSL,,5
Tauk,TTA6-7,Indah,Rikardus,2018-02-19,07:48,100,berawan,YPI,180219-006.wav,IMG_1600.jpg,IMG_20180608_114403.jpg,ISS,Chloropsis sonnerati,A,2,0,3,00:12,"",KSL,,5
Tauk,TTA6-7,Indah,Rikardus,2018-02-19,07:48,100,berawan,YPI,180219-006.wav,IMG_1600.jpg,IMG_20180608_114403.jpg,ISS,Chloropsis sonnerati,A,2,0,3,00:12,"",KSL,,5
Tauk,TTA6-9,Indah,Rikardus,2018-02-19,08:35,90,cerah berkabut,YPI,180219-008.wav,IMG_1602.jpg,IMG_20180608_114419.jpg,ISS,Anthracoceros malayanus,A,2,0,3,01:28,"",KSL,,5
Tauk,TTA6-9,Indah,Rikardus,2018-02-19,08:35,90,cerah berkabut,YPI,180219-008.wav,IMG_1602.jpg,IMG_20180608_114419.jpg,ISS,Anthracoceros malayanus,A,2,0,3,01:28,"",KSL,,5
Tauk,TTA7-10,Indah,Rikardus,2018-02-20,08:57,60,cerah berawan,YPI,180220-009.wav,IMG_1613.jpg,IMG_20180608_114910.jpg,ISS,Buceros rhinoceros,A,2,0,5,00:20,"",KSL,,5
Tauk,TTA7-4,Indah,Rikardus,2018-02-20,06:38,80,cerah,YPI,180220-003.wav,IMG_1607.jpg,IMG_20180608_114514.jpg,ISS,Rhinoplax vigil,A,1,0,5,00:52,"",KSL,,5
Tauk,TTA7-5,Indah,Rikardus,2018-02-20,07:02,40,cerah,YPI,180220-004.wav,IMG_1608.jpg,IMG_20180608_114523.jpg,ISS,Rhinoplax vigil,A,1,0,5,03:50,"",KSL,,5
Tauk,TTA7-6,Indah,Rikardus,2018-02-20,07:25,30,cerah,YPI,180220-005.wav,IMG_1609.jpg,IMG_20180608_114537.jpg,ISS,Buceros rhinoceros,V,2,0,4,01:21,"",KSL,,5
Tauk,TTA7-6,Indah,Rikardus,2018-02-20,07:25,30,cerah,YPI,180220-005.wav,IMG_1609.jpg,IMG_20180608_114537.jpg,ISS,Rhinoplax vigil,A,1,0,5,06:52,"",KSL,,5
Tauk,TTA7-7,Indah,Rikardus,2018-02-20,07:47,40,cerah,YPI,180220-006.wav,IMG_1610.jpg,IMG_20180608_114612.jpg,ISS,Anthracoceros malayanus,A,2,0,3,02:08,"",KSL,,5
Tauk,TTA7-8,Indah,Rikardus,2018-02-20,08:10,60,mendung,YPI,180220-007.wav,IMG_1611.jpg,IMG_20180608_114623.jpg,ISS,Anthracoceros malayanus,A,1,0,3,00:30,"",KSL,,5
Tauk,TTB1-1,Katie,Oka,2018-02-15,05:35,10,"slightly windy, dry",Cornell,R26_0388_1.WAV,IMG_1806.jpg,IMG_20180612_145709.jpg,KSL,Buceros rhinoceros,A,2,0,2,"","",KSL,,5
Tauk,TTB1-1,Katie,Oka,2018-02-15,05:35,10,"slightly windy, dry",Cornell,R26_0388_1.WAV,IMG_1806.jpg,IMG_20180612_145709.jpg,KSL,Anorrhinus galeritus,A,3,0,3,01:37,"",KSL,,5
Tauk,TTB1-4,Katie,Oka,2018-02-15,07:57,10,"hazy below, clear above, dry",Cornell,R26_0392_1.WAV,IMG_1809.jpg,IMG_20180612_145805.jpg,KSL,Buceros rhinoceros,A,1,0,4,"","",KSL,,5
Tauk,TTB1-5,Katie,Oka,2018-02-15,08:52,0,"not a single cloud, dry, windy",Cornell,R26_0393_1.WAV,IMG_1810.jpg,IMG_20180612_145825.jpg,KSL,Buceros rhinoceros,A,2,0,3,"","",KSL,,5
Tauk,TTB2-5,Katie,Oka,2018-02-16,07:22,0,"clear and dry, rained yesterday",Cornell,R26_0402_1.WAV,IMG_1815.jpg,IMG_20180623_145541.jpg,KSL,Buceros rhinoceros,A,1,0,4,"","",KSL,,5
Tauk,TTB2-5,Katie,Oka,2018-02-16,07:22,0,"clear and dry, rained yesterday",Cornell,R26_0402_1.WAV,IMG_1815.jpg,IMG_20180623_145541.jpg,KSL,Rhinoplax vigil,A,1,0,4,"","",KSL,,5
Tauk,TTB2-6,Katie,Oka,2018-02-16,07:47,30,"clear and dry, rained yesterday",Cornell,R26_0403_1.WAV,IMG_1816.jpg,IMG_20180623_145554.jpg,KSL,Rhinoplax vigil,A,2,0,5,"",4:39- someone walks by,KSL,,5
Tauk,TTB2-6,Katie,Oka,2018-02-16,07:47,30,"clear and dry, rained yesterday",Cornell,R26_0403_1.WAV,IMG_1816.jpg,IMG_20180623_145554.jpg,KSL,Buceros rhinoceros,A,2,0,4,"",4:39- someone walks by,KSL,,5
Tauk,TTB2-7,Katie,Oka,2018-02-16,08:18,20,"clear and dry, rained last night",Cornell,R26_0404_1.WAV,IMG_1817.jpg,IMG_20180623_145605.jpg,KSL,Buceros rhinoceros,A,2,0,5,"","",KSL,,5
Tauk,TTB2-7,Katie,Oka,2018-02-16,08:18,20,"clear and dry, rained last night",Cornell,R26_0404_1.WAV,IMG_1817.jpg,IMG_20180623_145605.jpg,KSL,Rhinoplax vigil,A,1,0,5,"","",KSL,,5
Tauk,TTB2-8,Katie,Oka,2018-02-16,08:48,10,"clear and dry, rained last night",Cornell,R26_0405_1.WAV,IMG_1818.jpg,IMG_20180623_145616.jpg,KSL,Chloropsis sonnerati,A,2,0,1,02:44,stream 1,KSL,,5
Tauk,TTB3-1,Katie,Oka,2018-02-14,05:32,0,clear and dry,Cornell,R26_0380_1.WAV,IMG_1819.jpg,IMG_20180628_155611.jpg,KSL,Buceros rhinoceros,A,2,0,3,"","",KSL,,5
Tauk,TTB3-3,Katie,Oka,2018-02-14,06:28,0,clear and dry,Cornell,R26_0382_1.WAV,IMG_1821.jpg,IMG_20180628_155649.jpg,KSL,Rhyticeros undulatus,A,2,0,1,06:10,stream 2,KSL,,5
Tauk,TTB3-4,Katie,Oka,2018-02-14,06:58,0,clear and dry,Cornell,R26_0383_1.WAV,IMG_1822.jpg,IMG_20180628_155703.jpg,KSL,Copsychus malabaricus,A,1,0,1,"","",KSL,,5
Tauk,TTB3-4,Katie,Oka,2018-02-14,06:58,0,clear and dry,Cornell,R26_0383_1.WAV,IMG_1822.jpg,IMG_20180628_155703.jpg,KSL,Rhinoplax vigil,A,1,0,4,"","",KSL,,5
Tauk,TTB3-5,Katie,Oka,2018-02-14,07:34,0,clear and dry,Cornell,R26_0384_1.WAV,IMG_1823.jpg,IMG_20180628_155717.jpg,KSL,Rhinoplax vigil,A,1,0,5,"",cicada 2,KSL,,5
Tauk,TTB3-7,Katie,Oka,2018-02-14,08:32,20,clear and dry,Cornell,R26_0386_1.WAV,IMG_1825.jpg,IMG_20180628_155751.jpg,KSL,Rhinoplax vigil,A,1,0,4,"","",KSL,,5
Tauk,TTB4-4,Katie,Oka,2018-02-17,06:58,0,clear and dry,Cornell,R26_0410_1.WAV,IMG_1830.jpg,IMG_20180706_164053.jpg,KSL,Rhyticeros undulatus,A,3,1,2,01:38,"",KSL,,5
Tauk,TTB5-1,Katie,Oka,2018-02-21,05:30,0,dry,Cornell,R26_0435_1.WAV,IMG_1836.jpg,IMG_20180727_130119.jpg,KSL,Buceros rhinoceros,A,1,0,4,"","",KSL,,5
Tauk,TTB5-10,Katie,Oka,2018-02-21,09:13,100,dry,Cornell,R26_0444_1.WAV,IMG_1845.jpg,IMG_20180727_130311.jpg,KSL,Copsychus malabaricus,A,1,0,2,"","",KSL,,5
Tauk,TTB5-2,Katie,Oka,2018-02-21,05:53,0,dry,Cornell,R26_0436_1.WAV,IMG_1837.jpg,IMG_20180727_130133.jpg,KSL,Buceros rhinoceros,A,1,0,3,"","",KSL,,5
Tauk,TTB5-3,Katie,Oka,2018-02-21,06:17,20,dry,Cornell,R26_0437_1.WAV,IMG_1838.jpg,IMG_20180727_130145.jpg,KSL,Buceros rhinoceros,A,2,0,2,"","",KSL,,5
Tauk,TTB5-6,Katie,Oka,2018-02-21,07:29,100,dry,Cornell,R26_0440_1.WAV,IMG_1841.jpg,IMG_20180727_130224.jpg,KSL,Anorrhinus galeritus,A,3,0,4,"","",KSL,,5
Tauk,TTB5-7,Katie,Oka,2018-02-21,07:53,100,dry,Cornell,R26_0441_1.WAV,IMG_1842.jpg,IMG_20180727_130235.jpg,KSL,Copsychus malabaricus,A,1,0,2,"","",KSL,,5
Tauk,TTB5-7,Katie,Oka,2018-02-21,07:53,100,dry,Cornell,R26_0441_1.WAV,IMG_1842.jpg,IMG_20180727_130235.jpg,KSL,Rhyticeros undulatus,F,2,0,1,00:28,"",KSL,,5
Tauk,TTB5-7,Katie,Oka,2018-02-21,07:53,100,dry,Cornell,R26_0441_1.WAV,IMG_1842.jpg,IMG_20180727_130235.jpg,KSL,Anorrhinus galeritus,A,3,0,3,"","",KSL,,5
Tauk,TTB5-8,Katie,Oka,2018-02-21,08:19,100,dry,Cornell,R26_0442_1.WAV,IMG_1843.jpg,IMG_20180727_130248.jpg,KSL,Rhinoplax vigil,A,1,0,1,"","",KSL,,5
Tauk,TTB6-2,Katie,Oka,2018-02-22,06:04,60,dry,Cornell,R26_0446_1.WAV,IMG_1848.jpg,IMG_20180831_130723.jpg,KSL,Rhinoplax vigil,A,1,0,5,"",stream 1,KSL,,5
Tauk,TTB6-5,Katie,Oka,2018-02-22,07:37,0,dry,Cornell,R26_0449_1.WAV,IMG_1851.jpg,IMG_20180831_131712.jpg,KSL,Chloropsis sonnerati,A,1,0,1,02:02,"",KSL,,5
Tauk,TTB6-5,Katie,Oka,2018-02-22,07:37,0,dry,Cornell,R26_0449_1.WAV,IMG_1851.jpg,IMG_20180831_131712.jpg,KSL,Anorrhinus galeritus,A,1,0,1,04:02,"",KSL,,5
Tauk,TTB6-8,Katie,Oka,2018-02-22,08:55,60,dry and sunny,Cornell,R26_0453_1.WAV,IMG_1854.jpg,IMG_20180831_130851.jpg,KSL,Rhyticeros undulatus,A,1,0,3,04:32,"",KSL,,5
Tauk,TTB7-1,Katie,Oka,2018-02-19,05:32,100,dry,Cornell,R26_0416_1.WAV,IMG_1856.jpg,IMG_20180910_094858.jpg,KSL,Chloropsis sonnerati,A,1,0,1,01:00,"",KSL,,5
Tauk,TTB7-4,Katie,Oka,2018-02-19,06:48,100,dry and overcast,Cornell,R26_0420_1.WAV,IMG_1859.jpg,IMG_20180910_094942.jpg,KSL,Anthracoceros malayanus,A,1,0,1,03:19,"",KSL,,5
Tauk,TTB7-8,Katie,Oka,2018-02-19,08:32,100,dry,Cornell,R26_0424_1.WAV,IMG_1863.jpg,IMG_20180910095118.jpg,KSL,Buceros rhinoceros,A,2,0,4,"","",KSL,,5
Tauk,TTB8-1,Katie,Oka,2018-02-20,05:30,30,dry,Cornell,R26_0426_1.WAV,IMG_1865.jpg,IMG_20180910_095143.jpg,KSL,Buceros rhinoceros,A,2,0,1,"","",KSL,,5
Tauk,TTB8-3,Katie,Oka,2018-02-20,06:28,40,"dry, clear",Cornell,R26_0428_1.WAV,IMG_1867.jpg,IMG_20180910_095215.jpg,KSL,Buceros rhinoceros,A,1,0,4,"",stream 2,KSL,,5
Tauk,TTB8-4,Katie,Oka,2018-02-20,06:53,20,"dry, clear",Cornell,R26_0429_1.WAV,IMG_1868.jpg,IMG_20180910_095225.jpg,KSL,Buceros rhinoceros,A,2,0,2,00:17,"",KSL,,5
Tauk,TTB8-5,Katie,Oka,2018-02-20,07:19,20,"dry, clear",Cornell,R26_0430_1.WAV,IMG_1869.jpg,IMG_20180910_095242.jpg,KSL,Buceros rhinoceros,A,3,0,3,"","",KSL,,5
Tauk,TTB8-7,Katie,Oka,2018-02-20,08:10,20,"clear, dry",Cornell,R26_0432_1.WAV,IMG_1871.jpg,IMG_20180910_095309.jpg,KSL,Buceros rhinoceros,A,2,0,4,"","",KSL,,5
Tauk,TTB8-9,Katie,Oka,2018-02-20,08:58,80,"dry, gusty",Cornell,R26_0434_1.WAV,IMG_1873.jpg,IMG_20180910_095336.jpg,KSL,Buceros rhinoceros,A,2,0,3,"","",KSL,,5
